nvar,variable_nvar,ncon,variable_ncon,minimize,name,has_equalities_only,has_inequalities_only,has_bounds,has_fixed_variables,objtype,contype,best_known_lower_bound,best_known_upper_bound,is_feasible,defined_everywhere,origin
1,false,0,false,true,AMPGO02,false,false,false,false,other,unconstrained,-Inf,0.8394983654755863,true,,unknown
1,false,0,false,true,AMPGO03,false,false,false,false,other,unconstrained,-Inf,2.8896081391905737,true,,unknown
1,false,0,false,true,AMPGO04,false,false,false,false,other,unconstrained,-Inf,-2.5665975058604182,true,,unknown
1,false,0,false,true,AMPGO05,false,false,false,false,other,unconstrained,-Inf,-0.0,true,,unknown
1,false,0,false,true,AMPGO06,false,false,false,false,other,unconstrained,-Inf,3.517695989514065e-43,true,,unknown
1,false,0,false,true,AMPGO07,false,false,false,false,other,unconstrained,-Inf,2.5647501384858695,true,,unknown
1,false,0,false,true,AMPGO08,false,false,false,false,other,unconstrained,-Inf,-2.092800425743532,true,,unknown
1,false,0,false,true,AMPGO09,false,false,false,false,other,unconstrained,-Inf,0.9211356000508525,true,,unknown
1,false,0,false,true,AMPGO10,false,false,false,false,other,unconstrained,-Inf,-0.0,true,,unknown
1,false,0,false,true,AMPGO11,false,false,false,false,other,unconstrained,-Inf,-1.0,true,,unknown
1,false,0,false,true,AMPGO12,false,false,false,false,other,unconstrained,-Inf,1.0,true,,unknown
1,false,0,false,true,AMPGO13,false,false,false,false,other,unconstrained,-1.5874010519681994,-1.5874010519681994,true,,unknown
1,false,0,false,true,AMPGO14,false,false,false,false,other,unconstrained,-Inf,-0.0,true,,unknown
1,false,0,false,true,AMPGO15,false,false,false,false,other,unconstrained,-Inf,2.153846153846154,true,,unknown
1,false,0,false,true,AMPGO18,false,false,false,false,other,unconstrained,-Inf,4.0,true,,unknown
1,false,0,false,true,AMPGO20,false,false,false,false,other,unconstrained,-Inf,3.922455962527607e-43,true,,unknown
1,false,0,false,true,AMPGO21,false,false,false,false,other,unconstrained,-Inf,0.0,true,,unknown
1,false,0,false,true,AMPGO22,false,false,false,false,other,unconstrained,-Inf,1.0,true,,unknown
3,false,1,false,true,BOX2,true,false,false,false,other,linear,-Inf,0.9422842504428566,true,,unknown
3,false,0,false,true,BOX3,false,false,false,false,other,unconstrained,-Inf,662.8684162588787,true,,unknown
1,false,0,false,true,Dus2_1,false,false,false,false,other,unconstrained,-Inf,7.38905609893065,true,,unknown
1,false,0,false,true,Dus2_3,false,false,false,false,other,unconstrained,-Inf,0.972972972972973,true,,unknown
1,false,0,false,true,Dus2_9,false,false,false,false,other,unconstrained,-Inf,1.0,true,,unknown
1,false,0,false,true,Duscube,false,false,false,false,other,unconstrained,-Inf,-108.0,true,,unknown
91,true,0,false,true,NZF1,false,false,false,false,least_squares,unconstrained,-Inf,34698.351903102724,true,,unknown
1,false,0,false,true,Shpak1,false,false,false,false,other,unconstrained,-Inf,0.8394983654755863,true,,unknown
1,false,0,false,true,Shpak2,false,false,false,false,other,unconstrained,-Inf,-0.7470356197899326,true,,unknown
1,false,0,false,true,Shpak3,false,false,false,false,other,unconstrained,-Inf,2.630548089990171,true,,unknown
1,false,0,false,true,Shpak4,false,false,false,false,other,unconstrained,-Inf,-0.6774393168245545,true,,unknown
1,false,0,false,true,Shpak5,false,false,false,false,other,unconstrained,-Inf,-1.00842222549507,true,,unknown
1,false,0,false,true,Shpak6,false,false,false,false,other,unconstrained,-Inf,-1.2566659310721418,true,,unknown
8,false,5,false,true,aircrfta,true,false,true,true,other,general,-Inf,0,true,,unknown
4,false,3,false,true,allinit,false,false,false,false,other,linear,-Inf,Inf,,,unknown
4,false,4,false,true,allinitc,false,false,false,false,other,general,-Inf,Inf,,,unknown
4,false,0,false,true,allinitu,false,false,false,false,other,unconstrained,-Inf,13.0,true,,unknown
2,false,3,false,true,alsotame,false,false,false,false,other,general,-Inf,Inf,,,unknown
3,false,15,false,true,argauss,true,false,false,false,other,general,-Inf,Inf,,,unknown
100,true,0,false,true,arglina,false,false,false,false,least_squares,unconstrained,-Inf,500.0,true,,unknown
100,true,0,false,true,arglinb,false,false,false,false,least_squares,unconstrained,-Inf,6.85173637402e13,true,,unknown
100,true,0,false,true,arglinc,false,false,false,false,other,unconstrained,-Inf,6.3854440574201e13,true,,unknown
100,true,0,false,true,argtrig,false,false,false,false,other,unconstrained,-Inf,0.0,true,,unknown
100,true,0,false,true,arwhead,false,false,false,false,other,unconstrained,-Inf,297.0,true,,unknown
49,false,15,false,true,avion2,true,false,true,false,least_squares,linear,-Inf,Inf,,,unknown
3,false,0,false,true,bard,false,false,false,false,least_squares,unconstrained,-Inf,500.0,true,,unknown
100,true,0,false,true,bdqrtic,false,false,false,false,least_squares,unconstrained,-Inf,21696.0,true,,unknown
2,false,0,false,true,beale,false,false,false,false,least_squares,unconstrained,-Inf,14.203125,true,,unknown
100,true,0,false,true,bearing,false,false,true,true,other,unconstrained,-Inf,15.066210503336873,true,,unknown
3,false,0,false,true,bennett5,false,false,false,false,least_squares,unconstrained,-Inf,500.0,true,,unknown
6,false,0,false,true,biggs5,false,false,true,true,other,unconstrained,-Inf,-3.156207810643302,true,,unknown
6,false,0,false,true,biggs6,false,false,false,false,other,unconstrained,-Inf,-3.156207810643302,true,,unknown
2,false,2,false,true,booth,true,false,false,false,other,linear,-Inf,Inf,,,unknown
2,false,0,false,true,boxbod,false,false,false,false,least_squares,unconstrained,-Inf,500.0,true,,unknown
1,false,1,false,true,bqp1var,false,true,false,false,other,linear,-Inf,0.3125,true,,unknown
450,false,360,false,true,britgas,true,false,true,false,other,general,-Inf,Inf,,,unknown
100,true,0,false,true,brownal,false,false,false,false,least_squares,unconstrained,-Inf,0.0,true,,unknown
2,false,0,false,true,brownbs,false,false,false,false,least_squares,unconstrained,-Inf,9.99998000003e11,true,,unknown
4,false,0,false,true,brownden,false,false,false,false,least_squares,unconstrained,-Inf,7.926693336997432e6,true,,unknown
100,true,0,false,true,broyden3d,false,false,false,false,least_squares,unconstrained,-Inf,0.0,true,,unknown
100,true,0,false,true,broydn7d,false,false,false,false,other,unconstrained,-Inf,274.2039050428259,true,,unknown
100,true,0,false,true,brybnd,false,false,false,false,least_squares,unconstrained,-Inf,3600.0,true,,unknown
2,false,1,false,true,bt1,true,false,false,false,other,general,-Inf,Inf,,,unknown
100,true,203,true,true,camshape,false,true,true,false,other,quadratic,-Inf,Inf,,,unknown
99,true,32,true,true,catenary,true,false,true,true,linear,quadratic,-Inf,Inf,,,academic
100,true,77,true,true,chain,true,false,false,false,other,general,-Inf,Inf,,,unknown
100,true,0,false,true,chainwoo,false,false,false,false,other,unconstrained,-Inf,371954.1,true,,unknown
96,true,96,true,true,channel,true,false,false,false,other,general,-Inf,Inf,,,unknown
100,true,0,false,true,chnrosnb_mod,false,false,false,false,other,unconstrained,-Inf,17637.880838661367,true,,unknown
3,false,0,false,true,chwirut1,false,false,false,false,least_squares,unconstrained,-Inf,500.0,true,,unknown
3,false,0,false,true,chwirut2,false,false,false,false,least_squares,unconstrained,-Inf,500.0,true,,unknown
2,false,0,false,true,cliff,false,false,false,false,other,unconstrained,-Inf,4.8516519441069025e8,true,,unknown
99,true,64,true,true,clnlbeam,true,false,true,false,other,general,-Inf,350.0,true,,unknown
100,true,0,false,true,clplatea,false,false,false,false,other,unconstrained,-Inf,0.0,true,,unknown
100,true,0,false,true,clplateb,false,false,false,false,other,unconstrained,-Inf,0.0,true,,unknown
100,true,0,false,true,clplatec,false,false,false,false,other,unconstrained,-Inf,0.0,true,,unknown
100,true,50,true,true,controlinvestment,true,false,true,false,other,general,-Inf,-0.98,true,,unknown
100,true,0,false,true,cosine,false,false,false,false,other,unconstrained,-Inf,86.88067362714695,true,,unknown
100,true,0,false,true,cragglvy,false,false,false,false,other,unconstrained,-Inf,52823.07152952862,true,,unknown
100,true,0,false,true,cragglvy2,false,false,false,false,other,unconstrained,-Inf,52823.07152952862,true,,unknown
100,true,0,false,true,curly,false,false,false,false,other,unconstrained,-Inf,-0.006237221463658019,true,,unknown
100,true,0,false,true,curly10,false,false,false,false,other,unconstrained,-Inf,-0.006237221463658019,true,,unknown
100,true,0,false,true,curly20,false,false,false,false,other,unconstrained,-Inf,-0.01296535045367952,true,,unknown
100,true,0,false,true,curly30,false,false,false,false,other,unconstrained,-Inf,-0.02038297204649621,true,,unknown
2,false,0,false,true,danwood,false,false,false,false,least_squares,unconstrained,-Inf,500.0,true,,unknown
99,true,0,false,true,dixmaane,false,false,false,false,other,unconstrained,-Inf,731.8333333333334,true,,unknown
99,true,0,false,true,dixmaanf,false,false,false,false,other,unconstrained,-Inf,1348.4166666666667,true,,unknown
99,true,0,false,true,dixmaang,false,false,false,false,other,unconstrained,-Inf,2495.8333333333335,true,,unknown
99,true,0,false,true,dixmaanh,false,false,false,false,other,unconstrained,-Inf,4974.253333333338,true,,unknown
99,true,0,false,true,dixmaani,false,false,false,false,other,unconstrained,-Inf,663.6459034792368,true,,unknown
99,true,0,false,true,dixmaanj,false,false,false,false,other,unconstrained,-Inf,1281.3263187429854,true,,unknown
99,true,0,false,true,dixmaank,false,false,false,false,other,unconstrained,-Inf,2427.645903479237,true,,unknown
99,true,0,false,true,dixmaanl,false,false,false,false,other,unconstrained,-Inf,4903.696206509544,true,,unknown
99,true,0,false,true,dixmaanm,false,false,false,false,other,unconstrained,-Inf,314.3125701459035,true,,unknown
99,true,0,false,true,dixmaann,false,false,false,false,other,unconstrained,-Inf,665.6596520763188,true,,unknown
99,true,0,false,true,dixmaano,false,false,false,false,other,unconstrained,-Inf,1196.3125701459037,true,,unknown
99,true,0,false,true,dixmaanp,false,false,false,false,other,unconstrained,-Inf,2342.5228731762068,true,,unknown
100,true,0,false,true,dixon3dq,false,false,false,false,least_squares,unconstrained,-Inf,8.0,true,,unknown
100,true,0,false,true,dqdrtic,false,false,false,false,other,unconstrained,-Inf,177282.0,true,,unknown
100,true,0,false,true,dqrtic,false,false,false,false,other,unconstrained,-Inf,1.85427373e9,true,,unknown
3,false,0,false,true,eckerle4,false,false,false,false,least_squares,unconstrained,-Inf,500.0,true,,unknown
100,true,0,false,true,edensch,false,false,false,false,other,unconstrained,-Inf,1699.0,true,,unknown
100,true,0,false,true,eg2,false,false,false,false,other,unconstrained,-Inf,-83.30562749598184,true,,unknown
99,true,33,true,true,elec,true,false,false,false,other,quadratic,-Inf,Inf,,,unknown
100,true,0,false,true,engval1,false,false,false,false,other,unconstrained,-Inf,5841.0,true,,unknown
9,false,0,false,true,enso,false,false,false,false,least_squares,unconstrained,-Inf,500.0,true,,unknown
100,true,0,false,true,errinros_mod,false,false,false,false,least_squares,unconstrained,-Inf,313991.29345132335,true,,unknown
100,true,0,false,true,extrosnb,false,false,false,false,other,unconstrained,-Inf,39604.0,true,,unknown
100,true,0,false,true,fletcbv2,false,false,false,false,other,unconstrained,-Inf,-0.5131082956600861,true,,unknown
100,true,0,false,true,fletcbv3_mod,false,false,false,false,other,unconstrained,-Inf,-0.018792460907141866,true,,unknown
100,true,0,false,true,fletchcr,false,false,false,false,other,unconstrained,-Inf,9900.0,true,,unknown
100,false,0,false,true,fminsrf2,false,false,false,false,other,unconstrained,-Inf,2504.26865839215,true,,unknown
100,true,0,false,true,freuroth,false,false,false,false,least_squares,unconstrained,-Inf,99556.5,true,,unknown
8,false,0,false,true,gauss1,false,false,false,false,least_squares,unconstrained,-Inf,500.0,true,,unknown
8,false,0,false,true,gauss2,false,false,false,false,least_squares,unconstrained,-Inf,500.0,true,,unknown
8,false,0,false,true,gauss3,false,false,false,false,least_squares,unconstrained,-Inf,500.0,true,,unknown
3,false,0,false,true,gaussian,false,false,false,false,least_squares,unconstrained,-Inf,3.888106991166885e-6,true,,unknown
100,true,0,false,true,genhumps,false,false,false,false,other,unconstrained,-Inf,2.5368401187477503e6,true,,unknown
100,true,0,false,true,genrose,false,false,false,false,other,unconstrained,-Inf,405.1064193957891,true,,unknown
100,true,0,false,true,genrose_nash,false,false,false,false,other,unconstrained,-Inf,404.12622137598714,true,,unknown
3,false,0,false,true,gulf,false,false,false,false,least_squares,unconstrained,-Inf,0.0,true,false,real
7,false,0,false,true,hahn1,false,false,false,false,least_squares,unconstrained,-Inf,500.0,true,,unknown
3,false,0,false,true,helical,false,false,false,false,other,unconstrained,-Inf,0.0,true,,unknown
98,true,68,true,true,hovercraft1d,true,false,false,false,least_squares,linear,-Inf,Inf,,,unknown
2,false,0,false,true,hs1,false,false,true,false,other,unconstrained,-Inf,909.0,true,,unknown
2,false,1,false,true,hs10,false,true,false,false,other,general,-Inf,Inf,,,unknown
7,false,4,false,true,hs100,false,true,false,false,other,general,-Inf,714.0,true,,unknown
7,false,5,false,true,hs101,false,true,true,false,other,general,-Inf,Inf,,,unknown
7,false,5,false,true,hs102,false,true,true,false,other,general,-Inf,Inf,,,unknown
7,false,5,false,true,hs103,false,true,true,false,other,general,-Inf,Inf,,,unknown
8,false,5,false,true,hs104,false,true,true,false,other,general,-Inf,Inf,,,unknown
8,false,1,false,true,hs105,false,true,true,false,other,linear,-Inf,Inf,,,unknown
8,false,6,false,true,hs106,false,true,true,false,other,general,-Inf,Inf,,,unknown
9,false,6,false,true,hs107,true,false,true,false,other,general,-Inf,Inf,,,unknown
9,false,12,false,true,hs108,false,true,true,false,other,general,-Inf,Inf,,,unknown
9,false,9,false,true,hs109,false,false,true,false,other,general,-Inf,Inf,,,unknown
2,false,1,false,true,hs11,false,true,false,false,other,general,-Inf,Inf,,,unknown
10,false,0,false,true,hs110,false,false,true,false,other,unconstrained,-Inf,-43.13433691803532,true,,unknown
10,false,3,false,true,hs111,true,false,true,false,other,general,-Inf,Inf,,,unknown
10,false,3,false,true,hs112,true,false,true,false,other,linear,-Inf,Inf,,,unknown
10,false,8,false,true,hs113,false,true,false,false,other,general,-Inf,753.0,true,,unknown
10,false,11,false,true,hs114,false,false,true,false,other,general,-Inf,Inf,,,unknown
13,false,15,false,true,hs116,false,true,true,false,other,general,-Inf,Inf,,,unknown
15,false,5,false,true,hs117,false,true,true,false,other,general,-Inf,2400.1053000599995,true,,unknown
15,false,17,false,true,hs118,false,true,true,false,other,linear,-Inf,942.7162500000001,true,,unknown
16,false,8,false,true,hs119,true,false,true,false,other,linear,-Inf,Inf,,,unknown
2,false,1,false,true,hs12,false,true,false,false,other,general,-Inf,0.0,true,,unknown
2,false,1,false,true,hs13,false,true,true,false,least_squares,general,-Inf,Inf,,,unknown
2,false,2,false,true,hs14,false,false,false,false,least_squares,general,-Inf,Inf,,,unknown
2,false,2,false,true,hs15,false,true,true,false,other,general,-Inf,Inf,,,unknown
2,false,2,false,true,hs16,false,true,true,false,other,general,-Inf,Inf,,,unknown
2,false,2,false,true,hs17,false,true,true,false,other,general,-Inf,Inf,,,unknown
2,false,2,false,true,hs18,false,true,true,false,other,general,-Inf,Inf,,,unknown
2,false,2,false,true,hs19,false,true,true,false,other,general,-Inf,Inf,,,unknown
2,false,0,false,true,hs2,false,false,true,false,other,unconstrained,-Inf,909.0,true,,unknown
2,false,3,false,true,hs20,false,true,true,false,other,general,-Inf,Inf,,,unknown
2,false,0,false,true,hs201,false,false,false,false,other,unconstrained,-Inf,45.0,true,,unknown
2,false,1,false,true,hs21,false,true,true,false,other,linear,-Inf,Inf,,,unknown
2,false,0,false,true,hs211,false,false,false,false,other,unconstrained,-Inf,750.0,true,,unknown
4,false,2,false,true,hs219,true,false,false,false,linear,general,-1.0,-1.0,true,true,unknown
2,false,2,false,true,hs22,false,true,false,false,least_squares,general,-Inf,Inf,,,unknown
2,false,1,false,true,hs220,true,false,true,false,other,general,1,25000,true,,unknown
2,false,1,false,true,hs221,false,true,true,false,other,general,-1,-0.25,true,,unknown
2,false,1,false,true,hs222,false,true,true,false,other,general,-1.5,-1.3,true,,unknown
2,false,2,false,true,hs223,false,true,true,false,other,general,-0.834032445247956,-0.1,true,,unknown
2,false,4,false,true,hs224,false,true,true,false,other,linear,-304,-304,true,,unknown
2,false,5,false,true,hs225,false,true,false,false,other,general,2,2,true,,unknown
2,false,2,false,true,hs226,false,true,true,false,other,general,-0.5,-0.5,true,,unknown
2,false,2,false,true,hs227,false,true,false,false,other,general,1,1,true,,unknown
2,false,2,false,true,hs228,false,true,false,false,other,general,-3,-3,true,,unknown
2,false,0,false,true,hs229,false,false,true,false,other,unconstrained,0,0,true,,unknown
2,false,5,false,true,hs23,false,true,true,false,least_squares,general,-Inf,Inf,,,unknown
2,false,2,false,true,hs230,false,true,false,false,other,general,0.375,0.375,true,,unknown
2,false,2,false,true,hs231,false,true,false,false,other,linear,0,0,true,,unknown
2,false,3,false,true,hs232,false,true,true,false,other,linear,-1,-1,true,,unknown
2,false,1,false,true,hs233,false,true,false,false,other,general,0,0,true,,unknown
2,false,1,false,true,hs234,false,true,true,false,other,general,-0.8,-0.8,true,,unknown
3,false,1,false,true,hs235,true,false,false,false,other,general,0.04,0.04,true,,unknown
2,false,2,false,true,hs236,false,true,true,false,other,general,-58.9034,-58.9034,true,,unknown
2,false,3,false,true,hs237,false,true,true,false,other,general,-58.9034,-58.9034,true,,unknown
2,false,3,false,true,hs238,false,true,true,false,other,general,-58.9034,-58.9034,true,,unknown
2,false,1,false,true,hs239,false,true,true,false,other,general,-58.9034,-58.9034,true,,unknown
2,false,2,false,true,hs24,false,true,true,false,other,linear,-Inf,-0.013364589564574673,true,,unknown
3,false,0,false,true,hs240,false,false,false,false,other,unconstrained,0,0,true,,unknown
3,false,0,false,true,hs241,false,false,false,false,other,unconstrained,0,0,true,,unknown
3,false,0,false,true,hs242,false,false,true,false,other,unconstrained,0,0,true,,unknown
3,false,0,false,true,hs243,false,false,false,false,other,unconstrained,0.7966,0.7966,true,,unknown
3,false,0,false,true,hs244,false,false,false,false,other,unconstrained,0,0,true,,unknown
3,false,0,false,true,hs245,false,false,false,false,other,unconstrained,0,0,true,,unknown
3,false,0,false,true,hs246,false,false,false,false,other,unconstrained,0,0,true,,unknown
3,false,2,false,true,hs248,false,false,false,false,other,general,-0.8,-0.8,true,,unknown
3,false,1,false,true,hs249,false,true,true,false,other,general,1,1,true,,unknown
3,false,0,false,true,hs25,false,false,true,false,other,unconstrained,-Inf,32.834999999663594,true,,unknown
3,false,2,false,true,hs250,false,true,true,false,other,linear,-3300,-3300,true,,unknown
3,false,1,false,true,hs251,false,true,true,false,other,linear,-3456,-3456,true,,unknown
3,false,1,false,true,hs252,true,false,false,false,other,general,0.04,0.04,true,,unknown
3,false,1,false,true,hs253,false,true,true,false,other,linear,87.3794,87.3794,true,,unknown
3,false,2,false,true,hs254,true,false,true,false,other,general,-1.7320508075688772,-1.7320508075688772,true,,unknown
4,false,0,false,true,hs255,false,false,false,false,other,unconstrained,0,0,true,,unknown
4,false,0,false,true,hs256,false,false,false,false,other,unconstrained,0,0,true,,unknown
4,false,0,false,true,hs257,false,false,true,false,other,unconstrained,0,0,true,,unknown
4,false,0,false,true,hs258,false,false,false,false,other,unconstrained,0,0,true,,unknown
4,false,0,false,true,hs259,false,false,false,false,other,unconstrained,0,0,true,,unknown
3,false,1,false,true,hs26,true,false,false,false,other,general,-Inf,21.159999999999997,true,,unknown
4,false,0,false,true,hs260,false,false,false,false,other,unconstrained,0,0,true,,unknown
4,false,0,false,true,hs261,false,false,false,false,other,unconstrained,0,0,true,,unknown
4,false,4,false,true,hs262,false,false,true,false,other,linear,-10,-10,true,,unknown
4,false,4,false,true,hs263,false,false,false,false,other,general,-1,-1,true,,unknown
4,false,3,false,true,hs264,false,true,false,false,other,general,-44,-44,true,,unknown
4,false,2,false,true,hs265,true,false,true,false,other,linear,0.9747465983043361,0.9747465983043361,true,,unknown
3,false,1,false,true,hs27,true,false,false,false,other,general,-Inf,Inf,,,unknown
3,false,1,false,true,hs28,true,false,false,false,least_squares,linear,-Inf,13.0,true,,unknown
3,false,1,false,true,hs29,false,true,false,false,other,general,-Inf,-1.0,true,,unknown
2,false,0,false,true,hs3,false,false,true,false,other,unconstrained,-Inf,1.00081,true,,unknown
3,false,1,false,true,hs30,false,true,true,false,least_squares,general,-Inf,3.0,true,,unknown
3,false,1,false,true,hs31,false,true,true,false,other,general,-Inf,19.0,true,,unknown
2,false,1,false,true,hs316,true,false,false,false,quadratic,quadratic,-Inf,Inf,true,,academic
2,false,1,false,true,hs317,true,false,false,false,quadratic,quadratic,-Inf,Inf,true,,academic
2,false,1,false,true,hs318,true,false,false,false,quadratic,quadratic,-Inf,Inf,true,,academic
2,false,1,false,true,hs319,true,false,false,false,quadratic,quadratic,-Inf,Inf,true,,academic
3,false,2,false,true,hs32,false,false,true,false,other,general,-Inf,7.199999999999999,true,,unknown
2,false,1,false,true,hs320,true,false,false,false,quadratic,quadratic,-Inf,Inf,true,,academic
2,false,1,false,true,hs321,true,false,false,false,quadratic,quadratic,-Inf,Inf,true,,academic
2,false,1,false,true,hs322,true,false,false,false,quadratic,quadratic,-Inf,Inf,true,,academic
3,false,2,false,true,hs33,false,true,true,false,other,general,-Inf,-3.0,true,,unknown
3,false,2,false,true,hs34,false,true,true,false,other,general,-Inf,0.0,true,,unknown
3,false,1,false,true,hs35,false,true,true,false,other,linear,-Inf,2.25,true,,unknown
3,false,1,false,true,hs36,false,true,true,false,other,linear,-Inf,-1000.0,true,,unknown
3,false,1,false,true,hs37,false,true,true,false,other,linear,-Inf,-1000.0,true,,unknown
10,false,3,false,true,hs378,true,false,false,false,other,general,-Inf,Inf,true,,academic
4,false,0,false,true,hs38,false,false,true,false,other,unconstrained,-Inf,19192.0,true,,unknown
4,false,2,false,true,hs39,true,false,false,false,other,general,-Inf,Inf,,,unknown
2,false,0,false,true,hs4,false,false,true,false,other,unconstrained,-Inf,3.323567708333333,true,,unknown
4,false,3,false,true,hs40,true,false,false,false,other,general,-Inf,Inf,,,unknown
4,false,1,false,true,hs41,true,false,true,false,other,linear,-Inf,Inf,,,unknown
4,false,2,false,true,hs42,true,false,false,false,least_squares,general,-Inf,Inf,,,unknown
4,false,3,false,true,hs43,false,true,false,false,other,general,-Inf,0.0,true,,unknown
4,false,6,false,true,hs44,false,true,true,false,other,linear,-Inf,0.0,true,,unknown
5,false,0,false,true,hs45,false,false,true,false,other,unconstrained,-Inf,1.7333333333333334,true,,unknown
5,false,2,false,true,hs46,true,false,false,false,other,general,-Inf,Inf,,,unknown
5,false,3,false,true,hs47,true,false,false,false,other,general,-Inf,20.738077488610624,true,,unknown
5,false,2,false,true,hs48,true,false,false,false,least_squares,linear,-Inf,84.0,true,,unknown
5,false,2,false,true,hs49,true,false,false,false,other,linear,-Inf,266.000064,true,,unknown
2,false,0,false,true,hs5,false,false,true,false,other,unconstrained,-Inf,1.0,true,,unknown
5,false,3,false,true,hs50,true,false,false,false,other,linear,-Inf,7516.0,true,,unknown
5,false,3,false,true,hs51,true,false,false,false,least_squares,linear,-Inf,8.5,true,,unknown
5,false,3,false,true,hs52,true,false,false,false,least_squares,linear,-Inf,Inf,,,unknown
5,false,3,false,true,hs53,true,false,true,false,least_squares,linear,-Inf,Inf,,,unknown
6,false,1,false,true,hs54,true,false,true,false,other,linear,-Inf,Inf,,,unknown
6,false,6,false,true,hs55,true,false,true,false,other,linear,-Inf,Inf,,,unknown
7,false,4,false,true,hs56,true,false,false,false,other,general,-Inf,Inf,,,unknown
2,false,1,false,true,hs57,false,true,true,false,least_squares,general,-Inf,0.030798601687933858,true,,unknown
2,false,3,false,true,hs59,false,true,true,false,other,general,-Inf,Inf,,,unknown
2,false,1,false,true,hs6,true,false,false,false,least_squares,general,-Inf,Inf,,,unknown
3,false,1,false,true,hs60,true,false,true,false,other,general,-Inf,Inf,,,unknown
3,false,2,false,true,hs61,true,false,false,false,other,general,-Inf,Inf,,,unknown
3,false,1,false,true,hs62,true,false,true,false,other,linear,-Inf,Inf,,,unknown
3,false,2,false,true,hs63,true,false,true,false,other,general,-Inf,Inf,,,unknown
3,false,1,false,true,hs64,false,true,true,false,other,general,-Inf,Inf,,,unknown
3,false,1,false,true,hs65,false,true,true,false,other,general,-Inf,Inf,,,unknown
3,false,2,false,true,hs66,false,true,true,false,other,general,-Inf,0.58,true,,unknown
4,false,2,false,true,hs68,true,false,true,false,other,general,-Inf,Inf,true,,unknown
4,false,2,false,true,hs69,true,false,true,false,other,general,-Inf,Inf,true,,unknown
2,false,1,false,true,hs7,true,false,false,false,other,general,-Inf,Inf,,,unknown
4,false,1,false,true,hs70,false,true,true,false,other,general,-Inf,0.9878587518178731,true,,unknown
4,false,2,false,true,hs71,false,false,true,false,other,general,-Inf,Inf,,,unknown
4,false,2,false,true,hs72,false,true,true,false,other,general,-Inf,Inf,,,unknown
4,false,3,false,true,hs73,false,false,true,false,other,general,-Inf,Inf,,,unknown
4,false,4,false,true,hs74,false,false,true,false,other,general,-Inf,Inf,,,unknown
4,false,4,false,true,hs75,false,false,true,false,other,general,-Inf,Inf,,,unknown
4,false,3,false,true,hs76,false,true,true,false,other,linear,-Inf,-1.25,true,,unknown
5,false,2,false,true,hs77,true,false,false,false,other,general,-Inf,Inf,,,unknown
5,false,3,false,true,hs78,true,false,false,false,other,general,-Inf,Inf,,,unknown
5,false,3,false,true,hs79,true,false,false,false,other,general,-Inf,Inf,,,unknown
2,false,2,false,true,hs8,true,false,false,false,other,general,-Inf,Inf,,,unknown
5,false,3,false,true,hs80,true,false,true,false,other,general,-Inf,Inf,,,unknown
5,false,3,false,true,hs81,true,false,true,false,other,general,-Inf,Inf,,,unknown
5,false,3,false,true,hs83,false,true,true,false,other,general,-Inf,Inf,,,unknown
5,false,3,false,true,hs84,false,true,true,false,other,general,-Inf,-2.35124348312835e6,true,,unknown
5,false,10,false,true,hs86,false,true,true,false,other,linear,-Inf,20.0,true,,unknown
6,false,4,false,true,hs87,true,false,true,false,other,general,-Inf,Inf,true,,unknown
2,false,1,false,true,hs9,true,false,false,false,other,linear,-Inf,0.0,true,,unknown
6,false,2,false,true,hs93,false,true,true,false,other,general,-Inf,137.06643718898874,true,,unknown
6,false,4,false,true,hs95,false,true,true,false,other,general,-Inf,Inf,,,unknown
6,false,4,false,true,hs96,false,true,true,false,other,general,-Inf,Inf,,,unknown
6,false,4,false,true,hs97,false,true,true,false,other,general,-Inf,Inf,,,unknown
6,false,4,false,true,hs98,false,true,true,false,other,general,-Inf,Inf,,,unknown
7,false,2,false,true,hs99,true,false,true,false,other,general,-Inf,Inf,,,unknown
100,true,0,false,true,indef_mod,false,false,false,false,other,unconstrained,-Inf,91.66547438399422,true,,unknown
100,true,0,false,true,integreq,false,false,false,false,least_squares,unconstrained,-Inf,0.0,true,,unknown
2,false,0,false,true,jennrichsampson,false,false,false,false,least_squares,unconstrained,-Inf,4171.306161960493,true,,unknown
5,false,0,false,true,kirby2,false,false,false,false,least_squares,unconstrained,-Inf,500.0,true,,unknown
4,false,0,false,true,kowosb,false,false,false,false,least_squares,unconstrained,-Inf,0.026497849149796696,true,,unknown
6,false,0,false,true,lanczos1,false,false,false,false,least_squares,unconstrained,-Inf,500.0,true,,unknown
6,false,0,false,true,lanczos2,false,false,false,false,least_squares,unconstrained,-Inf,500.0,true,,unknown
6,false,0,false,true,lanczos3,false,false,false,false,least_squares,unconstrained,-Inf,500.0,true,,unknown
100,true,0,false,true,liarwhd,false,false,false,false,other,unconstrained,-Inf,58500.0,true,,unknown
15,false,11,false,true,lincon,false,false,false,false,other,linear,-Inf,Inf,,,unknown
2,false,2,false,true,linsv,false,true,false,false,other,linear,-Inf,Inf,,,unknown
111,true,40,true,true,marine,true,false,true,false,other,general,-Inf,Inf,,,unknown
3,false,0,false,true,meyer3,false,false,false,false,least_squares,unconstrained,-Inf,1.6936078094361455e9,true,,unknown
2,false,2,false,true,mgh01feas,true,false,false,false,other,general,-Inf,Inf,,,unknown
4,false,0,false,true,mgh09,false,false,false,false,least_squares,unconstrained,-Inf,500.0,true,,unknown
3,false,0,false,true,mgh10,false,false,false,false,least_squares,unconstrained,-Inf,500.0,true,false,academic
5,false,0,false,true,mgh17,false,false,false,false,least_squares,unconstrained,-Inf,500.0,true,,unknown
2,false,0,false,true,misra1a,false,false,false,false,least_squares,unconstrained,-Inf,500.0,true,,unknown
2,false,0,false,true,misra1b,false,false,false,false,least_squares,unconstrained,-Inf,500.0,true,,unknown
2,false,0,false,true,misra1c,false,false,false,false,least_squares,unconstrained,-Inf,500.0,true,,unknown
2,false,0,false,true,misra1d,false,false,false,false,least_squares,unconstrained,-Inf,500.0,true,,unknown
100,true,0,false,true,morebv,false,false,false,false,least_squares,unconstrained,-Inf,0.5009424758925529,true,,unknown
2,false,0,false,true,nasty,false,false,false,false,other,unconstrained,-Inf,0.5,true,,unknown
100,true,0,false,true,ncb20,false,false,false,false,other,unconstrained,-Inf,182.002,true,,unknown
100,true,0,false,true,ncb20b,false,false,false,false,other,unconstrained,-Inf,200.0,true,,unknown
3,false,0,false,true,nelson,false,false,false,false,least_squares,unconstrained,-Inf,500.0,true,false,real
100,true,0,false,true,noncvxu2,false,false,false,false,other,unconstrained,-Inf,2.639748043568829e6,true,,unknown
100,true,0,false,true,noncvxun,false,false,false,false,other,unconstrained,-Inf,2.7270107614155663e6,true,,unknown
100,true,0,false,true,nondia,false,false,false,false,other,unconstrained,-Inf,39604.0,true,,unknown
100,true,0,false,true,nondquar,false,false,false,false,other,unconstrained,-Inf,106.0,true,,unknown
5,false,0,false,true,osborne1,false,false,false,false,least_squares,unconstrained,-Inf,7.068755591027714,true,,unknown
11,false,0,false,true,osborne2,false,false,false,false,least_squares,unconstrained,-Inf,2.093419514212065,true,,unknown
8,false,0,false,true,palmer1c,false,false,false,false,least_squares,unconstrained,-Inf,3.452950244642996e8,true,,unknown
7,false,0,false,true,palmer1d,false,false,false,false,least_squares,unconstrained,-Inf,2.872664926620958e7,true,,unknown
8,false,0,false,true,palmer2c,false,false,false,false,least_squares,unconstrained,-Inf,2.689403430111151e7,true,,unknown
8,false,0,false,true,palmer3c,false,false,false,false,least_squares,unconstrained,-Inf,8.121974242549511e6,true,,unknown
8,false,0,false,true,palmer4c,false,false,false,false,least_squares,unconstrained,-Inf,8.094447597223963e6,true,,unknown
6,false,0,false,true,palmer5c,false,false,false,false,least_squares,unconstrained,-Inf,25494.986780130494,true,,unknown
4,false,0,false,true,palmer5d,false,false,false,false,least_squares,unconstrained,-Inf,22262.593390708807,true,,unknown
8,false,0,false,true,palmer6c,false,false,false,false,least_squares,unconstrained,-Inf,772166.1146753794,true,,unknown
8,false,0,false,true,palmer7c,false,false,false,false,least_squares,unconstrained,-Inf,3.205127217959645e6,true,,unknown
8,false,0,false,true,palmer8c,false,false,false,false,least_squares,unconstrained,-Inf,850271.0403558624,true,,unknown
100,true,0,false,true,penalty1,false,false,false,false,least_squares,unconstrained,-Inf,1.0,true,,unknown
100,true,0,false,true,penalty2,false,false,false,false,other,unconstrained,-Inf,1.6884776914936244e6,true,,unknown
100,true,0,false,true,penalty3,false,false,false,false,other,unconstrained,-Inf,1.0063906885360703e8,true,,unknown
100,true,50,true,true,polygon,false,false,true,false,other,linear,-Inf,Inf,false,,unknown
100,true,50,true,true,polygon1,false,false,true,false,other,linear,-Inf,Inf,false,,unknown
100,true,1,false,true,polygon2,true,false,true,false,other,linear,-Inf,Inf,false,,unknown
100,true,100,true,true,polygon3,false,true,false,false,other,general,-Inf,-0.0,true,,unknown
2,false,0,false,true,powellbs,false,false,false,false,other,unconstrained,-Inf,0.5676308586741892,true,,unknown
100,true,0,false,true,powellsg,false,false,false,false,other,unconstrained,-Inf,5375.0,true,,unknown
100,true,0,false,true,power,false,false,false,false,least_squares,unconstrained,-Inf,2.55025e7,true,,unknown
100,true,0,false,true,quartc,false,false,false,false,other,unconstrained,-Inf,1.85427373e9,true,,unknown
3,false,0,false,true,rat42,false,false,false,false,least_squares,unconstrained,-Inf,500.0,true,,unknown
4,false,0,false,true,rat43,false,false,false,false,least_squares,unconstrained,-Inf,500.0,true,,unknown
109,true,102,true,true,robotarm,false,false,true,true,other,general,-Inf,Inf,,,unknown
2,false,0,false,true,rosenbrock,false,false,false,false,other,unconstrained,-Inf,32.308641975308646,true,,unknown
4,false,0,false,true,rozman1,false,false,false,false,least_squares,unconstrained,-Inf,500.0,true,,unknown
100,true,0,false,true,sbrybnd,false,false,false,false,least_squares,unconstrained,-Inf,1568.0,true,,unknown
100,true,0,false,true,schmvett,false,false,false,false,other,unconstrained,-Inf,-189.06775423656546,true,,unknown
100,true,0,false,true,scosine,false,false,false,false,other,unconstrained,-Inf,86.88067362714696,true,,unknown
100,true,0,false,true,sinquad,false,false,false,false,other,unconstrained,-Inf,0.6561000000000001,true,,unknown
100,true,0,false,true,sparsine,false,false,false,false,other,unconstrained,-Inf,20893.26019829305,true,,unknown
100,true,0,false,true,sparsqur,false,false,false,false,other,unconstrained,-Inf,1420.3125,true,,unknown
100,true,0,false,true,spmsrtls,false,false,false,false,least_squares,unconstrained,-Inf,49.32387140878785,true,,unknown
100,true,0,false,true,srosenbr,false,false,false,false,other,unconstrained,-Inf,1210.0000000000011,true,,unknown
600,true,44,true,true,structural,false,false,true,false,other,linear,-Inf,Inf,,,unknown
15,false,4,false,true,tetra,false,true,true,true,other,general,-Inf,Inf,,,unknown
12597,false,19222,false,true,tetra_duct12,false,true,true,true,other,general,-Inf,23246.058150514582,true,,unknown
6417,false,9000,false,true,tetra_duct15,false,true,true,true,other,general,-Inf,10890.937025065883,true,,unknown
3201,false,4104,false,true,tetra_duct20,false,true,true,true,other,general,-Inf,4959.804733960625,true,,unknown
4011,false,4847,false,true,tetra_foam5,false,true,true,true,other,general,-Inf,6497.104132398904,true,,unknown
2598,false,3116,false,true,tetra_gear,false,true,true,true,other,general,-Inf,4256.375736370327,true,,unknown
3570,false,4675,false,true,tetra_hook,false,true,true,true,other,general,-Inf,6157.142959931886,true,,unknown
30,false,0,false,true,threepk,false,false,true,false,other,unconstrained,-Inf,20236.538579257834,true,,unknown
7,false,0,false,true,thurber,false,false,false,false,least_squares,unconstrained,-Inf,500.0,true,,unknown
100,true,0,false,true,tointgss,false,false,false,false,other,unconstrained,-Inf,891.6078431372565,true,,unknown
100,true,0,false,true,tquartic,false,false,false,false,least_squares,unconstrained,-Inf,0.81,true,,unknown
8,false,3,false,true,triangle,false,true,true,true,other,general,-Inf,11.327992479774316,true,,unknown
2244,false,1896,false,true,triangle_deer,false,true,true,true,other,general,-Inf,2014.3371645730615,true,,unknown
1366,false,1182,false,true,triangle_pacman,false,true,true,true,other,general,-Inf,1316.282216286999,true,,unknown
4444,false,4025,false,true,triangle_turtle,false,true,true,true,other,general,-Inf,4467.578651857072,true,,unknown
100,true,0,false,true,tridia,false,false,false,false,other,unconstrained,-Inf,5049.0,true,,unknown
100,true,0,false,true,vardim,false,false,false,false,other,unconstrained,-Inf,1.3105836968932622e14,true,,unknown
8,false,0,false,true,vibrbeam,false,false,false,false,least_squares,unconstrained,-Inf,8231.27506726856,true,,unknown
31,false,0,false,true,watson,false,false,false,false,least_squares,unconstrained,-Inf,500.0,true,,unknown
100,true,0,false,true,woods,false,false,false,false,other,unconstrained,-Inf,180451.0,true,,unknown
3,false,3,false,true,zangwil3,true,false,false,false,other,linear,-Inf,Inf,,,unknown
