status,name,solver,mem,nvar,time,memory,num_iter,nvmops,neval_obj,init_eval_obj_time,neval_grad,init_eval_grad_time,is_init_run
first_order,NZF1,LBFGSSolver,1,91,0.005129492,125416.0,287,287,327,0.141919844,314,0.657970203,true
first_order,NZF1,LBFGSSolver,1,91,0.005141957,125416.0,287,287,327,3.2021e-5,314,5.3192e-5,false
first_order,NZF1,LBFGSSolver,2,91,0.003555245,95296.0,199,199,222,3.316e-6,215,1.6792e-5,false
first_order,NZF1,LBFGSSolver,3,91,0.003798489,103456.0,213,213,233,3.727e-6,227,2.4287e-5,false
first_order,NZF1,LBFGSSolver,4,91,0.003406641,98352.0,191,191,208,3.4105e-5,202,2.2443e-5,false
first_order,NZF1,LBFGSSolver,5,91,0.003831352,108416.0,209,209,230,1.974e-6,224,1.7373e-5,false
first_order,NZF1,LBFGSSolver,6,91,0.003121856,95728.0,166,166,185,2.014e-6,179,1.6982e-5,false
first_order,NZF1,LBFGSSolver,7,91,0.003664493,108224.0,191,191,212,2.435e-6,206,1.8546e-5,false
first_order,NZF1,LBFGSSolver,8,91,0.003169747,100720.0,162,162,183,1.904e-6,176,1.7023e-5,false
first_order,NZF1,LBFGSSolver,9,91,0.003068524,101568.0,156,156,175,1.904e-6,168,1.6732e-5,false
first_order,NZF1,LBFGSSolver,10,91,0.002661657,96544.0,134,134,150,2.064e-6,144,1.6652e-5,false
first_order,NZF1,LBFGSSolver,11,91,0.002743123,101216.0,138,138,154,1.623e-6,148,1.6321e-5,false
first_order,NZF1,LBFGSSolver,12,91,0.002395398,97696.0,120,120,135,7.514e-6,129,3.0298e-5,false
first_order,NZF1,LBFGSSolver,13,91,0.002271972,98240.0,113,113,127,5.54e-6,121,2.8044e-5,false
first_order,NZF1,LBFGSSolver,14,91,0.002560995,106032.0,125,125,141,6.582e-6,135,2.3565e-5,false
first_order,NZF1,LBFGSSolver,15,91,0.002430154,106448.0,118,118,131,2.014e-6,125,1.6431e-5,false
first_order,NZF1,LBFGSSolver,16,91,0.002535766,109424.0,116,116,137,2.024e-6,131,1.6552e-5,false
first_order,NZF1,LBFGSSolver,17,91,0.002079083,105264.0,97,97,113,5.47e-6,106,2.1321e-5,false
first_order,NZF1,LBFGSSolver,18,91,0.001876366,105040.0,88,88,101,4.168e-6,95,2.1441e-5,false
first_order,NZF1,LBFGSSolver,19,91,0.001905031,108208.0,88,88,101,4.478e-6,95,2.0259e-5,false
first_order,NZF1,LBFGSSolver,20,91,0.002068223,113984.0,95,95,108,3.105e-6,102,2.6089e-5,false
first_order,NZF1,LBFGSSolver,21,91,0.002274386,118768.0,98,98,119,3.326e-6,113,2.0289e-5,false
first_order,NZF1,LBFGSSolver,22,91,0.001743492,114768.0,80,80,91,4.789e-6,85,2.1321e-5,false
first_order,NZF1,LBFGSSolver,23,91,0.001849785,119168.0,83,83,96,3.216e-6,90,2.0259e-5,false
first_order,NZF1,LBFGSSolver,24,91,0.002043395,124752.0,89,89,105,1.973e-6,97,1.6651e-5,false
first_order,NZF1,LBFGSSolver,25,91,0.002027756,126656.0,85,85,104,1.954e-6,97,1.9898e-5,false
first_order,NZF1,LBFGSSolver,26,91,0.001800792,127184.0,79,79,90,1.793e-6,84,1.9588e-5,false
first_order,NZF1,LBFGSSolver,27,91,0.001739554,128992.0,75,75,87,2.165e-6,81,1.9457e-5,false
first_order,NZF1,LBFGSSolver,28,91,0.001771426,133072.0,78,78,87,3.767e-6,81,1.6993e-5,false
first_order,NZF1,LBFGSSolver,29,91,0.001602132,133296.0,70,70,79,1.773e-6,73,1.7163e-5,false
first_order,NZF1,LBFGSSolver,30,91,0.001659812,137072.0,71,71,82,1.713e-6,76,1.6832e-5,false
first_order,NZF1,LBFGSSolver,31,91,0.001733252,141344.0,74,74,85,1.733e-6,79,1.6832e-5,false
first_order,NZF1,LBFGSSolver,32,91,0.001665904,143040.0,70,70,81,1.864e-6,75,2.0098e-5,false
first_order,NZF1,LBFGSSolver,33,91,0.001690741,146304.0,70,70,82,2.074e-6,76,1.6772e-5,false
first_order,NZF1,LBFGSSolver,34,91,0.001666966,149408.0,70,70,80,1.743e-6,74,1.6953e-5,false
first_order,NZF1,LBFGSSolver,35,91,0.001729956,153120.0,71,71,83,1.723e-6,77,2.0299e-5,false
first_order,NZF1,LBFGSSolver,36,91,0.001635004,154880.0,67,67,79,1.964e-6,73,1.7273e-5,false
first_order,NZF1,LBFGSSolver,37,91,0.001738412,159760.0,72,72,82,4.228e-6,76,2.117e-5,false
first_order,NZF1,LBFGSSolver,38,91,0.001620387,161136.0,67,67,77,1.823e-6,71,1.6592e-5,false
first_order,NZF1,LBFGSSolver,39,91,0.001676965,165040.0,69,69,79,2.074e-6,73,1.7454e-5,false
first_order,NZF1,LBFGSSolver,40,91,0.001649943,167600.0,67,67,78,1.673e-6,72,1.6853e-5,false
first_order,NZF1,LBFGSSolver,41,91,0.001605306,170096.0,65,65,76,3.537e-6,70,2.072e-5,false
first_order,NZF1,LBFGSSolver,42,91,0.001600397,172960.0,64,64,76,1.803e-6,70,1.7052e-5,false
first_order,NZF1,LBFGSSolver,43,91,0.001600697,176368.0,65,65,75,3.597e-6,69,2.8845e-5,false
first_order,NZF1,LBFGSSolver,44,91,0.001590958,179536.0,65,65,74,1.733e-6,68,1.7123e-5,false
first_order,NZF1,LBFGSSolver,45,91,0.001653848,183280.0,66,66,77,1.933e-6,71,2.4127e-5,false
first_order,NZF1,LBFGSSolver,46,91,0.001578153,185344.0,63,63,74,2.305e-6,68,1.7173e-5,false
first_order,NZF1,LBFGSSolver,47,91,0.001552724,188384.0,63,63,72,1.804e-6,66,1.7003e-5,false
first_order,NZF1,LBFGSSolver,48,91,0.001583802,191808.0,63,63,74,2.004e-6,68,1.7193e-5,false
first_order,NZF1,LBFGSSolver,49,91,0.001474883,193744.0,60,60,69,2.214e-6,63,1.6922e-5,false
first_order,NZF1,LBFGSSolver,50,91,0.001479783,196992.0,60,60,69,3.947e-6,63,1.8306e-5,false
first_order,NZF1,LBFGSSolver,51,91,0.001498639,200224.0,60,60,70,1.964e-6,64,1.7113e-5,false
first_order,NZF1,LBFGSSolver,52,91,0.001512825,203648.0,61,61,70,1.824e-6,64,1.6973e-5,false
first_order,NZF1,LBFGSSolver,53,91,0.001487517,206432.0,60,60,69,1.913e-6,63,1.6993e-5,false
first_order,NZF1,LBFGSSolver,54,91,0.00150487,209856.0,60,60,70,3.717e-6,64,2.1061e-5,false
first_order,NZF1,LBFGSSolver,55,91,0.001520269,213200.0,60,60,71,3.537e-6,65,1.7033e-5,false
first_order,NZF1,LBFGSSolver,56,91,0.001537703,216608.0,61,61,71,1.894e-6,65,1.7573e-5,false
first_order,NZF1,LBFGSSolver,57,91,0.001510069,219408.0,60,60,70,1.893e-6,64,1.6983e-5,false
first_order,NZF1,LBFGSSolver,58,91,0.00147956,222208.0,59,59,69,5.34e-6,63,2.5159e-5,false
first_order,NZF1,LBFGSSolver,59,91,0.001468318,225376.0,59,59,69,2.124e-6,63,1.7945e-5,false
first_order,NZF1,LBFGSSolver,60,91,0.001481494,228672.0,59,59,69,3.356e-6,63,1.7072e-5,false
first_order,NZF1,LBFGSSolver,61,91,0.001478809,231840.0,59,59,69,1.994e-6,63,1.7734e-5,false
first_order,NZF1,LBFGSSolver,62,91,0.001484489,235088.0,59,59,69,5.761e-6,63,2.092e-5,false
first_order,NZF1,LBFGSSolver,63,91,0.00148523,238256.0,59,59,69,3.366e-6,63,1.6903e-5,false
first_order,NZF1,LBFGSSolver,64,91,0.001486432,241360.0,59,59,69,4.398e-6,63,1.7263e-5,false
first_order,NZF1,LBFGSSolver,65,91,0.001487644,244528.0,59,59,69,2.004e-6,63,1.6722e-5,false
first_order,NZF1,LBFGSSolver,66,91,0.001488135,247824.0,59,59,69,4.378e-6,63,1.6903e-5,false
first_order,NZF1,LBFGSSolver,67,91,0.001473677,251072.0,59,59,69,3.516e-6,63,1.7043e-5,false
first_order,NZF1,LBFGSSolver,68,91,0.001487654,254176.0,59,59,69,1.934e-6,63,1.6712e-5,false
first_order,NZF1,LBFGSSolver,69,91,0.001489086,257344.0,59,59,69,4.228e-6,63,3.3744e-5,false
first_order,NZF1,LBFGSSolver,70,91,0.001490238,260704.0,59,59,69,1.893e-6,63,1.6763e-5,false
first_order,NZF1,LBFGSSolver,71,91,0.00149146,263872.0,59,59,69,1.954e-6,63,1.7333e-5,false
first_order,NZF1,LBFGSSolver,72,91,0.001490368,267056.0,59,59,69,2.104e-6,63,1.7053e-5,false
first_order,NZF1,LBFGSSolver,73,91,0.001493474,270224.0,59,59,69,1.473e-6,63,1.6592e-5,false
first_order,NZF1,LBFGSSolver,74,91,0.001493033,273392.0,59,59,69,2.284e-6,63,1.7123e-5,false
first_order,NZF1,LBFGSSolver,75,91,0.001495057,276560.0,59,59,69,1.844e-6,63,1.9277e-5,false
first_order,NZF1,LBFGSSolver,76,91,0.001494435,279856.0,59,59,69,1.663e-6,63,1.6853e-5,false
first_order,NZF1,LBFGSSolver,77,91,0.001485047,283136.0,59,59,69,2.064e-6,63,1.6993e-5,false
first_order,NZF1,LBFGSSolver,78,91,0.001496659,286304.0,59,59,69,2.034e-6,63,1.6902e-5,false
first_order,NZF1,LBFGSSolver,79,91,0.00149662,289472.0,59,59,69,2.414e-6,63,2.0199e-5,false
first_order,NZF1,LBFGSSolver,80,91,0.0014973,292576.0,59,59,69,1.413e-6,63,1.6512e-5,false
first_order,NZF1,LBFGSSolver,81,91,0.001498472,295744.0,59,59,69,2.124e-6,63,1.7083e-5,false
first_order,NZF1,LBFGSSolver,82,91,0.001500025,299168.0,59,59,69,1.764e-6,63,1.6842e-5,false
first_order,NZF1,LBFGSSolver,83,91,0.001499805,302336.0,59,59,69,2.014e-6,63,1.7013e-5,false
first_order,NZF1,LBFGSSolver,84,91,0.001500726,305568.0,59,59,69,1.853e-6,63,1.7133e-5,false
first_order,NZF1,LBFGSSolver,85,91,0.001502449,308736.0,59,59,69,4.85e-6,63,3.4015e-5,false
first_order,NZF1,LBFGSSolver,86,91,0.001501878,311904.0,59,59,69,1.994e-6,63,1.7263e-5,false
first_order,NZF1,LBFGSSolver,87,91,0.00150258,315072.0,59,59,69,1.704e-6,63,1.6692e-5,false
first_order,NZF1,LBFGSSolver,88,91,0.001503681,318176.0,59,59,69,4.398e-6,63,2.591e-5,false
first_order,NZF1,LBFGSSolver,89,91,0.001505054,321344.0,59,59,69,3.0628e-5,63,7.7399e-5,false
first_order,NZF1,LBFGSSolver,90,91,0.001506446,324832.0,59,59,69,1.964e-6,63,1.8695e-5,false
first_order,NZF1,LBFGSSolver,91,91,0.001501777,328000.0,59,59,69,1.783e-6,63,1.6552e-5,false
first_order,NZF1,LBFGSSolver,92,91,0.001506016,331248.0,59,59,69,3.116e-6,63,1.7684e-5,false
first_order,NZF1,LBFGSSolver,93,91,0.00150864,334416.0,59,59,69,5.781e-6,63,1.9247e-5,false
first_order,NZF1,LBFGSSolver,94,91,0.001507097,337584.0,59,59,69,1.623e-6,63,1.7273e-5,false
first_order,NZF1,LBFGSSolver,95,91,0.001509522,340752.0,59,59,69,2.575e-6,63,2.3605e-5,false
first_order,NZF1,LBFGSSolver,96,91,0.001510113,343856.0,59,59,69,2.214e-6,63,2.3645e-5,false
first_order,NZF1,LBFGSSolver,97,91,0.001511746,347024.0,59,59,69,2.264e-6,63,2.4207e-5,false
first_order,NZF1,LBFGSSolver,98,91,0.001507578,350192.0,59,59,69,2.124e-6,63,2.3024e-5,false
first_order,NZF1,LBFGSSolver,99,91,0.001513429,353360.0,59,59,69,2.215e-6,63,2.3575e-5,false
first_order,NZF1,LBFGSSolver,100,91,0.001513428,356784.0,59,59,69,2.264e-6,63,2.582e-5,false
first_order,arglina,LBFGSSolver,1,100,0.000123126,18888.0,1,1,2,0.08069323,2,0.223948299,true
first_order,arglina,LBFGSSolver,1,100,0.000123406,18888.0,1,1,2,5.481e-6,2,6.3492e-5,false
first_order,arglina,LBFGSSolver,2,100,0.000124038,22432.0,1,1,2,6.012e-6,2,6.2179e-5,false
first_order,arglina,LBFGSSolver,3,100,0.000124258,25904.0,1,1,2,5.311e-6,2,7.2158e-5,false
first_order,arglina,LBFGSSolver,4,100,0.000124849,29440.0,1,1,2,5.13e-6,2,6.6567e-5,false
first_order,arglina,LBFGSSolver,5,100,0.000125381,32912.0,1,1,2,9.518e-6,2,6.1458e-5,false
first_order,arglina,LBFGSSolver,6,100,0.00012571,36448.0,1,1,2,3.968e-6,2,5.4264e-5,false
first_order,arglina,LBFGSSolver,7,100,0.000126002,39920.0,1,1,2,4.469e-6,2,6.3862e-5,false
first_order,arglina,LBFGSSolver,8,100,0.000126282,43456.0,1,1,2,3.858e-6,2,5.8161e-5,false
first_order,arglina,LBFGSSolver,9,100,0.000126993,46928.0,1,1,2,3.837e-6,2,5.4705e-5,false
first_order,arglina,LBFGSSolver,10,100,0.000127274,50464.0,1,1,2,3.758e-6,2,5.4554e-5,false
first_order,arglina,LBFGSSolver,11,100,0.000127314,53936.0,1,1,2,3.717e-6,2,5.4495e-5,false
first_order,arglina,LBFGSSolver,12,100,0.000127875,57472.0,1,1,2,3.527e-6,2,5.3843e-5,false
first_order,arglina,LBFGSSolver,13,100,0.000128035,60944.0,1,1,2,3.457e-6,2,5.8011e-5,false
first_order,arglina,LBFGSSolver,14,100,0.000128696,64480.0,1,1,2,5.37e-6,2,6.4053e-5,false
first_order,arglina,LBFGSSolver,15,100,0.000127083,67952.0,1,1,2,6.703e-6,2,5.8993e-5,false
first_order,arglina,LBFGSSolver,16,100,0.000129268,71488.0,1,1,2,3.617e-6,2,5.4074e-5,false
first_order,arglina,LBFGSSolver,17,100,0.000128416,74960.0,1,1,2,3.767e-6,2,5.3934e-5,false
first_order,arglina,LBFGSSolver,18,100,0.000129919,78512.0,1,1,2,6.092e-6,2,5.7851e-5,false
first_order,arglina,LBFGSSolver,19,100,0.00013025,81968.0,1,1,2,5.611e-6,2,6.2109e-5,false
first_order,arglina,LBFGSSolver,20,100,0.000130691,85520.0,1,1,2,8.506e-6,2,6.1798e-5,false
first_order,arglina,LBFGSSolver,21,100,0.000131071,88976.0,1,1,2,4.188e-6,2,5.3773e-5,false
first_order,arglina,LBFGSSolver,22,100,0.000131372,92528.0,1,1,2,4.338e-6,2,5.3843e-5,false
first_order,arglina,LBFGSSolver,23,100,0.000132143,95984.0,1,1,2,3.797e-6,2,5.3913e-5,false
first_order,arglina,LBFGSSolver,24,100,0.000132012,99552.0,1,1,2,5.52e-6,2,6.1618e-5,false
first_order,arglina,LBFGSSolver,25,100,0.000132624,103008.0,1,1,2,3.828e-6,2,5.3873e-5,false
first_order,arglina,LBFGSSolver,26,100,0.000132884,106528.0,1,1,2,3.777e-6,2,5.5507e-5,false
first_order,arglina,LBFGSSolver,27,100,0.000133365,110032.0,1,1,2,3.808e-6,2,6.0856e-5,false
first_order,arglina,LBFGSSolver,28,100,0.000133665,113552.0,1,1,2,3.778e-6,2,6.797e-5,false
first_order,arglina,LBFGSSolver,29,100,0.000133856,117008.0,1,1,2,5.521e-6,2,5.9303e-5,false
first_order,arglina,LBFGSSolver,30,100,0.000134448,120576.0,1,1,2,4.859e-6,2,6.0997e-5,false
first_order,arglina,LBFGSSolver,31,100,0.000134357,124032.0,1,1,2,3.968e-6,2,6.1598e-5,false
first_order,arglina,LBFGSSolver,32,100,0.000135029,127552.0,1,1,2,4.047e-6,2,5.6298e-5,false
first_order,arglina,LBFGSSolver,33,100,0.00013542,131040.0,1,1,2,3.737e-6,2,6.0837e-5,false
first_order,arglina,LBFGSSolver,34,100,0.000133936,134560.0,1,1,2,3.958e-6,2,5.4194e-5,false
first_order,arglina,LBFGSSolver,35,100,0.00013592,138064.0,1,1,2,6.642e-6,2,6.1999e-5,false
first_order,arglina,LBFGSSolver,36,100,0.00013564,141648.0,1,1,2,7.004e-6,2,7.0886e-5,false
first_order,arglina,LBFGSSolver,37,100,0.000136962,145104.0,1,1,2,3.897e-6,2,6.4714e-5,false
first_order,arglina,LBFGSSolver,38,100,0.000137232,148608.0,1,1,2,6.061e-6,2,6.3262e-5,false
first_order,arglina,LBFGSSolver,39,100,0.000137854,152064.0,1,1,2,4.589e-6,2,5.9584e-5,false
first_order,arglina,LBFGSSolver,40,100,0.000135659,155648.0,1,1,2,3.808e-6,2,5.4023e-5,false
first_order,arglina,LBFGSSolver,41,100,0.000138265,159168.0,1,1,2,4.348e-6,2,5.6628e-5,false
first_order,arglina,LBFGSSolver,42,100,0.000138415,162624.0,1,1,2,3.556e-6,2,5.5636e-5,false
first_order,arglina,LBFGSSolver,43,100,0.000138876,166080.0,1,1,2,8.115e-6,2,7.5395e-5,false
first_order,arglina,LBFGSSolver,44,100,0.000139617,169664.0,1,1,2,1.0229e-5,2,7.0445e-5,false
first_order,arglina,LBFGSSolver,45,100,0.000139808,173200.0,1,1,2,4.148e-6,2,5.3953e-5,false
first_order,arglina,LBFGSSolver,46,100,0.000139807,176656.0,1,1,2,5.02e-6,2,6.0065e-5,false
first_order,arglina,LBFGSSolver,47,100,0.00014069,180112.0,1,1,2,3.937e-6,2,5.8472e-5,false
first_order,arglina,LBFGSSolver,48,100,0.000139568,183760.0,1,1,2,4.759e-6,2,6.0306e-5,false
first_order,arglina,LBFGSSolver,49,100,0.00014116,187216.0,1,1,2,3.717e-6,2,5.4254e-5,false
first_order,arglina,LBFGSSolver,50,100,0.000141501,190752.0,1,1,2,4.037e-6,2,9.0162e-5,false
first_order,arglina,LBFGSSolver,51,100,0.000142031,194208.0,1,1,2,8.406e-6,2,6.4173e-5,false
first_order,arglina,LBFGSSolver,52,100,0.000142623,197664.0,1,1,2,6.111e-6,2,6.3913e-5,false
first_order,arglina,LBFGSSolver,53,100,0.000142553,201120.0,1,1,2,8.236e-6,2,6.297e-5,false
first_order,arglina,LBFGSSolver,54,100,0.000143194,204768.0,1,1,2,3.617e-6,2,5.768e-5,false
first_order,arglina,LBFGSSolver,55,100,0.000143154,208336.0,1,1,2,8.196e-6,2,6.4533e-5,false
first_order,arglina,LBFGSSolver,56,100,0.000142563,211792.0,1,1,2,8.727e-6,2,5.6548e-5,false
first_order,arglina,LBFGSSolver,57,100,0.000144847,215248.0,1,1,2,1.4168e-5,2,0.000110742,false
first_order,arglina,LBFGSSolver,58,100,0.000144817,218704.0,1,1,2,6.713e-6,2,6.3612e-5,false
first_order,arglina,LBFGSSolver,59,100,0.000145839,222160.0,1,1,2,1.055e-5,2,6.6096e-5,false
first_order,arglina,LBFGSSolver,60,100,0.000145068,225808.0,1,1,2,7.504e-6,2,6.2741e-5,false
first_order,arglina,LBFGSSolver,61,100,0.000145298,229264.0,1,1,2,8.396e-6,2,7.2919e-5,false
first_order,arglina,LBFGSSolver,62,100,0.000145428,232800.0,1,1,2,7.975e-6,2,5.8852e-5,false
first_order,arglina,LBFGSSolver,63,100,0.00014657,236256.0,1,1,2,8.807e-6,2,6.5535e-5,false
first_order,arglina,LBFGSSolver,64,100,0.000146771,239712.0,1,1,2,4.689e-6,2,8.2558e-5,false
first_order,arglina,LBFGSSolver,65,100,0.000145779,243168.0,1,1,2,3.717e-6,2,5.3783e-5,false
first_order,arglina,LBFGSSolver,66,100,0.000146811,246752.0,1,1,2,8.176e-6,2,6.4934e-5,false
first_order,arglina,LBFGSSolver,67,100,0.000148224,250288.0,1,1,2,8.747e-6,2,6.2209e-5,false
first_order,arglina,LBFGSSolver,68,100,0.000148364,253744.0,1,1,2,7.083e-6,2,6.3622e-5,false
first_order,arglina,LBFGSSolver,69,100,0.000148114,257200.0,1,1,2,6.342e-6,2,7.0284e-5,false
first_order,arglina,LBFGSSolver,70,100,0.000147442,260848.0,1,1,2,6.443e-6,2,5.8922e-5,false
first_order,arglina,LBFGSSolver,71,100,0.000149767,264304.0,1,1,2,3.908e-6,2,5.9053e-5,false
first_order,arglina,LBFGSSolver,72,100,0.000150117,267840.0,1,1,2,4.118e-6,2,5.9384e-5,false
first_order,arglina,LBFGSSolver,73,100,0.000150437,271296.0,1,1,2,3.687e-6,2,5.8953e-5,false
first_order,arglina,LBFGSSolver,74,100,0.00015116,274752.0,1,1,2,3.737e-6,2,5.5967e-5,false
first_order,arglina,LBFGSSolver,75,100,0.000151409,278208.0,1,1,2,3.948e-6,2,5.76e-5,false
first_order,arglina,LBFGSSolver,76,100,0.00015154,281856.0,1,1,2,3.487e-6,2,5.8472e-5,false
first_order,arglina,LBFGSSolver,77,100,0.00015184,285424.0,1,1,2,4.218e-6,2,5.4394e-5,false
first_order,arglina,LBFGSSolver,78,100,0.000150929,288880.0,1,1,2,3.517e-6,2,5.6317e-5,false
first_order,arglina,LBFGSSolver,79,100,0.000153333,292336.0,1,1,2,3.857e-6,2,5.3743e-5,false
first_order,arglina,LBFGSSolver,80,100,0.000153594,295792.0,1,1,2,3.957e-6,2,5.3593e-5,false
first_order,arglina,LBFGSSolver,81,100,0.000154005,299248.0,1,1,2,4.759e-6,2,8.1476e-5,false
first_order,arglina,LBFGSSolver,82,100,0.000153534,302960.0,1,1,2,4.018e-6,2,5.3612e-5,false
first_order,arglina,LBFGSSolver,83,100,0.000154285,306416.0,1,1,2,3.466e-6,2,5.3352e-5,false
first_order,arglina,LBFGSSolver,84,100,0.000154987,310000.0,1,1,2,3.687e-6,2,5.3943e-5,false
first_order,arglina,LBFGSSolver,85,100,0.000154385,313456.0,1,1,2,4.238e-6,2,5.747e-5,false
first_order,arglina,LBFGSSolver,86,100,0.000155839,316912.0,1,1,2,5.2e-6,2,7.3721e-5,false
first_order,arglina,LBFGSSolver,87,100,0.000156088,320368.0,1,1,2,3.738e-6,2,5.4233e-5,false
first_order,arglina,LBFGSSolver,88,100,0.00015686,323824.0,1,1,2,3.597e-6,2,5.3993e-5,false
first_order,arglina,LBFGSSolver,89,100,0.000157181,327280.0,1,1,2,3.848e-6,2,5.764e-5,false
first_order,arglina,LBFGSSolver,90,100,0.000157662,331056.0,1,1,2,3.848e-6,2,5.4063e-5,false
first_order,arglina,LBFGSSolver,91,100,0.000157852,334512.0,1,1,2,4.018e-6,2,6.7489e-5,false
first_order,arglina,LBFGSSolver,92,100,0.000158664,338112.0,1,1,2,5.12e-6,2,6.8291e-5,false
first_order,arglina,LBFGSSolver,93,100,0.000158914,341568.0,1,1,2,5.18e-6,2,6.5936e-5,false
first_order,arglina,LBFGSSolver,94,100,0.000157992,345024.0,1,1,2,4.188e-6,2,5.6508e-5,false
first_order,arglina,LBFGSSolver,95,100,0.000159325,348480.0,1,1,2,3.677e-6,2,5.6989e-5,false
first_order,arglina,LBFGSSolver,96,100,0.000160127,351936.0,1,1,2,3.818e-6,2,5.6638e-5,false
first_order,arglina,LBFGSSolver,97,100,0.000159395,355392.0,1,1,2,3.807e-6,2,5.6849e-5,false
first_order,arglina,LBFGSSolver,98,100,0.000161068,358848.0,1,1,2,3.877e-6,2,5.7069e-5,false
first_order,arglina,LBFGSSolver,99,100,0.000157571,362304.0,1,1,2,3.777e-6,2,6.0496e-5,false
first_order,arglina,LBFGSSolver,100,100,0.000158013,366080.0,1,1,2,4.098e-6,2,5.7089e-5,false
first_order,arglinb,LBFGSSolver,1,100,0.000221003,20488.0,2,2,28,0.042484907,4,0.192212617,true
first_order,arglinb,LBFGSSolver,1,100,0.000220903,20488.0,2,2,28,1.673e-6,4,5.1548e-5,false
first_order,arglinb,LBFGSSolver,2,100,0.000220862,24032.0,2,2,28,2.004e-6,4,5.8612e-5,false
first_order,arglinb,LBFGSSolver,3,100,0.000222355,27504.0,2,2,28,2.044e-6,4,6.295e-5,false
first_order,arglinb,LBFGSSolver,4,100,0.000222145,31040.0,2,2,28,1.523e-6,4,5.8252e-5,false
first_order,arglinb,LBFGSSolver,5,100,0.000222706,34512.0,2,2,28,2.635e-6,4,5.766e-5,false
first_order,arglinb,LBFGSSolver,6,100,0.000221313,38048.0,2,2,28,1.904e-6,4,6.6547e-5,false
first_order,arglinb,LBFGSSolver,7,100,0.000223598,41520.0,2,2,28,1.733e-6,4,6.0807e-5,false
first_order,arglinb,LBFGSSolver,8,100,0.000223968,45056.0,2,2,28,1.743e-6,4,5.733e-5,false
first_order,arglinb,LBFGSSolver,9,100,0.000224259,48528.0,2,2,28,3.687e-6,4,6.4894e-5,false
first_order,arglinb,LBFGSSolver,10,100,0.00022471,52064.0,2,2,28,2.364e-6,4,5.0547e-5,false
first_order,arglinb,LBFGSSolver,11,100,0.00022492,55536.0,2,2,28,1.824e-6,4,5.5917e-5,false
first_order,arglinb,LBFGSSolver,12,100,0.000225211,59072.0,2,2,28,2.184e-6,4,5.3883e-5,false
first_order,arglinb,LBFGSSolver,13,100,0.000225681,62544.0,2,2,28,2.114e-6,4,5.716e-5,false
first_order,arglinb,LBFGSSolver,14,100,0.000225932,66080.0,2,2,28,1.934e-6,4,5.3893e-5,false
first_order,arglinb,LBFGSSolver,15,100,0.000226553,69552.0,2,2,28,4.949e-6,4,5.1569e-5,false
first_order,arglinb,LBFGSSolver,16,100,0.000226904,73088.0,2,2,28,3.397e-6,4,5.7109e-5,false
first_order,arglinb,LBFGSSolver,17,100,0.000227205,76560.0,2,2,28,2.194e-6,4,5.7179e-5,false
first_order,arglinb,LBFGSSolver,18,100,0.000226985,80112.0,2,2,28,5.391e-6,4,5.1869e-5,false
first_order,arglinb,LBFGSSolver,19,100,0.000227956,83568.0,2,2,28,1.713e-6,4,5.0467e-5,false
first_order,arglinb,LBFGSSolver,20,100,0.000228437,87120.0,2,2,28,1.542e-6,4,5.0616e-5,false
first_order,arglinb,LBFGSSolver,21,100,0.000228868,90576.0,2,2,28,1.583e-6,4,5.0867e-5,false
first_order,arglinb,LBFGSSolver,22,100,0.000229298,94128.0,2,2,28,2.955e-6,4,5.23e-5,false
first_order,arglinb,LBFGSSolver,23,100,0.000229469,97584.0,2,2,28,1.463e-6,4,5.6418e-5,false
first_order,arglinb,LBFGSSolver,24,100,0.000229489,101152.0,2,2,28,2.565e-6,4,5.6618e-5,false
first_order,arglinb,LBFGSSolver,25,100,0.000230441,104608.0,2,2,28,1.793e-6,4,5.0978e-5,false
first_order,arglinb,LBFGSSolver,26,100,0.000229729,108128.0,2,2,28,5.621e-6,4,5.5055e-5,false
first_order,arglinb,LBFGSSolver,27,100,0.000230972,111632.0,2,2,28,2.515e-6,4,6.4032e-5,false
first_order,arglinb,LBFGSSolver,28,100,0.000231342,115152.0,2,2,28,1.934e-6,4,5.5296e-5,false
first_order,arglinb,LBFGSSolver,29,100,0.000231794,118608.0,2,2,28,4.388e-6,4,6.4744e-5,false
first_order,arglinb,LBFGSSolver,30,100,0.000232014,122176.0,2,2,28,2.124e-6,4,5.0346e-5,false
first_order,arglinb,LBFGSSolver,31,100,0.000230912,125632.0,2,2,28,5.069e-6,4,5.9924e-5,false
first_order,arglinb,LBFGSSolver,32,100,0.000231894,129152.0,2,2,28,7.033e-6,4,5.4204e-5,false
first_order,arglinb,LBFGSSolver,33,100,0.000233146,132640.0,2,2,28,4.389e-6,4,5.1949e-5,false
first_order,arglinb,LBFGSSolver,34,100,0.000233246,136160.0,2,2,28,2.044e-6,4,5.0497e-5,false
first_order,arglinb,LBFGSSolver,35,100,0.000233207,139664.0,2,2,28,1.924e-6,4,5.252e-5,false
first_order,arglinb,LBFGSSolver,36,100,0.000233046,143248.0,2,2,28,1.933e-6,4,5.6078e-5,false
first_order,arglinb,LBFGSSolver,37,100,0.000234599,146704.0,2,2,28,1.933e-6,4,5.6188e-5,false
first_order,arglinb,LBFGSSolver,38,100,0.000234668,150208.0,2,2,28,1.913e-6,4,5.6619e-5,false
first_order,arglinb,LBFGSSolver,39,100,0.000233216,153664.0,2,2,28,1.984e-6,4,5.5897e-5,false
first_order,arglinb,LBFGSSolver,40,100,0.00023554,157248.0,2,2,28,1.533e-6,4,5.6337e-5,false
first_order,arglinb,LBFGSSolver,41,100,0.000234528,160768.0,2,2,28,2.535e-6,4,5.9825e-5,false
first_order,arglinb,LBFGSSolver,42,100,0.000234359,164224.0,2,2,28,2.014e-6,4,5.724e-5,false
first_order,arglinb,LBFGSSolver,43,100,0.000236803,167680.0,2,2,28,2.425e-6,4,6.6467e-5,false
first_order,arglinb,LBFGSSolver,44,100,0.000237695,171264.0,2,2,28,1.743e-6,4,5.8843e-5,false
first_order,arglinb,LBFGSSolver,45,100,0.000237664,174800.0,2,2,28,1.453e-6,4,5.3442e-5,false
first_order,arglinb,LBFGSSolver,46,100,0.000238066,178256.0,2,2,28,2.254e-6,4,5.9744e-5,false
first_order,arglinb,LBFGSSolver,47,100,0.000237895,181712.0,2,2,28,1.613e-6,4,5.7611e-5,false
first_order,arglinb,LBFGSSolver,48,100,0.000235381,185360.0,2,2,28,1.512e-6,4,5.0556e-5,false
first_order,arglinb,LBFGSSolver,49,100,0.000235881,188816.0,2,2,28,7.604e-6,4,5.5867e-5,false
first_order,arglinb,LBFGSSolver,50,100,0.000234879,192352.0,2,2,28,2.315e-6,4,5.6819e-5,false
first_order,arglinb,LBFGSSolver,51,100,0.000236272,195808.0,2,2,28,2.455e-6,4,5.6889e-5,false
first_order,arglinb,LBFGSSolver,52,100,0.000237875,199264.0,2,2,28,2.365e-6,4,5.6568e-5,false
first_order,arglinb,LBFGSSolver,53,100,0.000239138,202720.0,2,2,28,1.773e-6,4,5.4264e-5,false
first_order,arglinb,LBFGSSolver,54,100,0.000241181,206368.0,2,2,28,1.733e-6,4,5.2971e-5,false
first_order,arglinb,LBFGSSolver,55,100,0.000241593,209936.0,2,2,28,5.05e-6,4,5.8051e-5,false
first_order,arglinb,LBFGSSolver,56,100,0.000238627,213392.0,2,2,28,1.543e-6,4,5.0086e-5,false
first_order,arglinb,LBFGSSolver,57,100,0.000239538,216848.0,2,2,28,1.994e-6,4,5.8522e-5,false
first_order,arglinb,LBFGSSolver,58,100,0.000239568,220304.0,2,2,28,4.068e-6,4,5.8251e-5,false
first_order,arglinb,LBFGSSolver,59,100,0.000240931,223760.0,2,2,28,1.733e-6,4,5.3091e-5,false
first_order,arglinb,LBFGSSolver,60,100,0.000241632,227408.0,2,2,28,1.773e-6,4,5.3553e-5,false
first_order,arglinb,LBFGSSolver,61,100,0.000240581,230864.0,2,2,28,1.663e-6,4,5.5727e-5,false
first_order,arglinb,LBFGSSolver,62,100,0.000240229,234400.0,2,2,28,5.039e-6,4,5.9955e-5,false
first_order,arglinb,LBFGSSolver,63,100,0.000241372,237856.0,2,2,28,4.469e-6,4,5.8652e-5,false
first_order,arglinb,LBFGSSolver,64,100,0.000240711,241312.0,2,2,28,2.836e-6,4,5.791e-5,false
first_order,arglinb,LBFGSSolver,65,100,0.000241602,244768.0,2,2,28,2.225e-6,4,6.1247e-5,false
first_order,arglinb,LBFGSSolver,66,100,0.000244859,248352.0,2,2,28,1.523e-6,4,5.3603e-5,false
first_order,arglinb,LBFGSSolver,67,100,0.000244928,251888.0,2,2,28,1.723e-6,4,5.5707e-5,false
first_order,arglinb,LBFGSSolver,68,100,0.000243796,255344.0,2,2,28,5.55e-6,4,8.33e-5,false
first_order,arglinb,LBFGSSolver,69,100,0.00024546,258800.0,2,2,28,1.964e-6,4,5.4263e-5,false
first_order,arglinb,LBFGSSolver,70,100,0.000244878,262448.0,2,2,28,2.154e-6,4,5.0226e-5,false
first_order,arglinb,LBFGSSolver,71,100,0.000244838,265904.0,2,2,28,1.523e-6,4,5.0346e-5,false
first_order,arglinb,LBFGSSolver,72,100,0.000246833,269440.0,2,2,28,1.824e-6,4,5.4083e-5,false
first_order,arglinb,LBFGSSolver,73,100,0.000249498,272896.0,2,2,28,3.426e-6,4,7.818e-5,false
first_order,arglinb,LBFGSSolver,74,100,0.000249427,276352.0,2,2,28,4.389e-6,4,5.7139e-5,false
first_order,arglinb,LBFGSSolver,75,100,0.000249587,279808.0,2,2,28,4.599e-6,4,6.4233e-5,false
first_order,arglinb,LBFGSSolver,76,100,0.000250459,283456.0,2,2,28,4.018e-6,4,5.3372e-5,false
first_order,arglinb,LBFGSSolver,77,100,0.000249838,287024.0,2,2,28,5.371e-6,4,5.9944e-5,false
first_order,arglinb,LBFGSSolver,78,100,0.000249487,290480.0,2,2,28,4.358e-6,4,6.2951e-5,false
first_order,arglinb,LBFGSSolver,79,100,0.000248786,293936.0,2,2,28,4.74e-6,4,5.9624e-5,false
first_order,arglinb,LBFGSSolver,80,100,0.000248776,297392.0,2,2,28,1.833e-6,4,5.0457e-5,false
first_order,arglinb,LBFGSSolver,81,100,0.000249928,300848.0,2,2,28,1.944e-6,4,5.2771e-5,false
first_order,arglinb,LBFGSSolver,82,100,0.000247884,304560.0,2,2,28,2.004e-6,4,6.4974e-5,false
first_order,arglinb,LBFGSSolver,83,100,0.000248726,308016.0,2,2,28,5.741e-6,4,5.744e-5,false
first_order,arglinb,LBFGSSolver,84,100,0.000249477,311600.0,2,2,28,2.024e-6,4,5.9003e-5,false
first_order,arglinb,LBFGSSolver,85,100,0.000254507,315056.0,2,2,28,1.593e-6,4,5.26e-5,false
first_order,arglinb,LBFGSSolver,86,100,0.000253525,318512.0,2,2,28,1.463e-6,4,5.1037e-5,false
first_order,arglinb,LBFGSSolver,87,100,0.000254316,321968.0,2,2,28,1.753e-6,4,5.1108e-5,false
first_order,arglinb,LBFGSSolver,88,100,0.000254808,325424.0,2,2,28,2.885e-6,4,5.1148e-5,false
first_order,arglinb,LBFGSSolver,89,100,0.000252112,328880.0,2,2,28,1.483e-6,4,5.0947e-5,false
first_order,arglinb,LBFGSSolver,90,100,0.000255269,332656.0,2,2,28,5.069e-6,4,5.1579e-5,false
first_order,arglinb,LBFGSSolver,91,100,0.000251531,336112.0,2,2,28,5.23e-6,4,5.1589e-5,false
first_order,arglinb,LBFGSSolver,92,100,0.000254457,339712.0,2,2,28,1.583e-6,4,5.0857e-5,false
first_order,arglinb,LBFGSSolver,93,100,0.000254707,343168.0,2,2,28,1.473e-6,4,5.237e-5,false
first_order,arglinb,LBFGSSolver,94,100,0.000257823,346624.0,2,2,28,4.809e-6,4,5.3102e-5,false
first_order,arglinb,LBFGSSolver,95,100,0.000254918,350080.0,2,2,28,4.198e-6,4,5.209e-5,false
first_order,arglinb,LBFGSSolver,96,100,0.000254366,353536.0,2,2,28,4.579e-6,4,5.73e-5,false
first_order,arglinb,LBFGSSolver,97,100,0.000258725,356992.0,2,2,28,1.893e-6,4,5.1538e-5,false
first_order,arglinb,LBFGSSolver,98,100,0.000253906,360448.0,2,2,28,2.425e-6,4,5.5807e-5,false
first_order,arglinb,LBFGSSolver,99,100,0.000258966,363904.0,2,2,28,2.215e-6,4,5.0787e-5,false
first_order,arglinb,LBFGSSolver,100,100,0.000257353,367680.0,2,2,28,1.553e-6,4,4.9415e-5,false
first_order,arglinc,LBFGSSolver,1,100,0.000217736,20488.0,2,2,28,0.047721789,4,0.233059683,true
first_order,arglinc,LBFGSSolver,1,100,0.000218077,20488.0,2,2,28,4.95e-6,4,5.0667e-5,false
first_order,arglinc,LBFGSSolver,2,100,0.000216174,24032.0,2,2,28,1.974e-6,4,5.0166e-5,false
first_order,arglinc,LBFGSSolver,3,100,0.000217145,27504.0,2,2,28,5.24e-6,4,0.000117234,false
first_order,arglinc,LBFGSSolver,4,100,0.00021956,31040.0,2,2,28,5.37e-6,4,5.736e-5,false
first_order,arglinc,LBFGSSolver,5,100,0.000220192,34512.0,2,2,28,2.023e-6,4,5.5196e-5,false
first_order,arglinc,LBFGSSolver,6,100,0.000220391,38048.0,2,2,28,1.723e-6,4,5.5156e-5,false
first_order,arglinc,LBFGSSolver,7,100,0.000220782,41520.0,2,2,28,1.984e-6,4,5.232e-5,false
first_order,arglinc,LBFGSSolver,8,100,0.000217596,45056.0,2,2,28,1.604e-6,4,5.1719e-5,false
first_order,arglinc,LBFGSSolver,9,100,0.000220522,48528.0,2,2,28,1.693e-6,4,4.9745e-5,false
first_order,arglinc,LBFGSSolver,10,100,0.000233526,52064.0,2,2,28,2.274e-6,4,5.5577e-5,false
first_order,arglinc,LBFGSSolver,11,100,0.000236493,55536.0,2,2,28,1.904e-6,4,5.8993e-5,false
first_order,arglinc,LBFGSSolver,12,100,0.000226704,59072.0,2,2,28,3.527e-6,4,6.5666e-5,false
first_order,arglinc,LBFGSSolver,13,100,0.000234118,62544.0,2,2,28,3.326e-6,4,5.9744e-5,false
first_order,arglinc,LBFGSSolver,14,100,0.000247674,66080.0,2,2,28,2.565e-6,4,5.8292e-5,false
first_order,arglinc,LBFGSSolver,15,100,0.000243747,69552.0,2,2,28,2.285e-6,4,5.5365e-5,false
first_order,arglinc,LBFGSSolver,16,100,0.000236432,73088.0,2,2,28,2.254e-6,4,5.8692e-5,false
first_order,arglinc,LBFGSSolver,17,100,0.00022507,76560.0,2,2,28,1.773e-6,4,5.5125e-5,false
first_order,arglinc,LBFGSSolver,18,100,0.000225241,80112.0,2,2,28,2.074e-6,4,5.8452e-5,false
first_order,arglinc,LBFGSSolver,19,100,0.000227175,83568.0,2,2,28,3.567e-6,4,6.2961e-5,false
first_order,arglinc,LBFGSSolver,20,100,0.000226804,87120.0,2,2,28,5.47e-6,4,6.0957e-5,false
first_order,arglinc,LBFGSSolver,21,100,0.000226543,90576.0,2,2,28,3.507e-6,4,6.5756e-5,false
first_order,arglinc,LBFGSSolver,22,100,0.000226654,94128.0,2,2,28,2.325e-6,4,5.0126e-5,false
first_order,arglinc,LBFGSSolver,23,100,0.000227275,97584.0,2,2,28,2.094e-6,4,6.5345e-5,false
first_order,arglinc,LBFGSSolver,24,100,0.000226473,101152.0,2,2,28,4.359e-6,4,5.8742e-5,false
first_order,arglinc,LBFGSSolver,25,100,0.000228176,104608.0,2,2,28,2.084e-6,4,5.5406e-5,false
first_order,arglinc,LBFGSSolver,26,100,0.000252703,108128.0,2,2,28,2.084e-6,4,5.5577e-5,false
first_order,arglinc,LBFGSSolver,27,100,0.000229058,111632.0,2,2,28,3.597e-6,4,6.3081e-5,false
first_order,arglinc,LBFGSSolver,28,100,0.000232565,115152.0,2,2,28,6.332e-6,4,6.0576e-5,false
first_order,arglinc,LBFGSSolver,29,100,0.000230381,118608.0,2,2,28,6.282e-6,4,5.8431e-5,false
first_order,arglinc,LBFGSSolver,30,100,0.000231082,122176.0,2,2,28,3.227e-6,4,5.6818e-5,false
first_order,arglinc,LBFGSSolver,31,100,0.000230751,125632.0,2,2,28,5.601e-6,4,5.8181e-5,false
first_order,arglinc,LBFGSSolver,32,100,0.000231483,129152.0,2,2,28,7.274e-6,4,6.6738e-5,false
first_order,arglinc,LBFGSSolver,33,100,0.000232655,132640.0,2,2,28,5.751e-6,4,5.6709e-5,false
first_order,arglinc,LBFGSSolver,34,100,0.00025602,136160.0,2,2,28,5.46e-6,4,5.6788e-5,false
first_order,arglinc,LBFGSSolver,35,100,0.000233697,139664.0,2,2,28,4.369e-6,4,5.7069e-5,false
first_order,arglinc,LBFGSSolver,36,100,0.000232846,143248.0,2,2,28,1.673e-6,4,6.4233e-5,false
first_order,arglinc,LBFGSSolver,37,100,0.000233697,146704.0,2,2,28,4.558e-6,4,6.2639e-5,false
first_order,arglinc,LBFGSSolver,38,100,0.000233697,150208.0,2,2,28,7.034e-6,4,6.1447e-5,false
first_order,arglinc,LBFGSSolver,39,100,0.000233466,153664.0,2,2,28,5.791e-6,4,5.7851e-5,false
first_order,arglinc,LBFGSSolver,40,100,0.000234619,157248.0,2,2,28,1.753e-6,4,5.0617e-5,false
first_order,arglinc,LBFGSSolver,41,100,0.000234118,160768.0,2,2,28,2.224e-6,4,5.5076e-5,false
first_order,arglinc,LBFGSSolver,42,100,0.00023559,164224.0,2,2,28,1.894e-6,4,5.0286e-5,false
first_order,arglinc,LBFGSSolver,43,100,0.00023497,167680.0,2,2,28,2.535e-6,4,5.6087e-5,false
first_order,arglinc,LBFGSSolver,44,100,0.000236261,171264.0,2,2,28,1.754e-6,4,5.738e-5,false
first_order,arglinc,LBFGSSolver,45,100,0.000236312,174800.0,2,2,28,1.714e-6,4,5.6327e-5,false
first_order,arglinc,LBFGSSolver,46,100,0.000236593,178256.0,2,2,28,5.701e-6,4,5.7921e-5,false
first_order,arglinc,LBFGSSolver,47,100,0.000238456,181712.0,2,2,28,5.691e-6,4,5.9343e-5,false
first_order,arglinc,LBFGSSolver,48,100,0.000237464,185360.0,2,2,28,3.105e-6,4,5.804e-5,false
first_order,arglinc,LBFGSSolver,49,100,0.000237674,188816.0,2,2,28,1.2795e-5,4,8.6124e-5,false
first_order,arglinc,LBFGSSolver,50,100,0.000237795,192352.0,2,2,28,4.86e-6,4,5.3582e-5,false
first_order,arglinc,LBFGSSolver,51,100,0.000238536,195808.0,2,2,28,4.188e-6,4,5.227e-5,false
first_order,arglinc,LBFGSSolver,52,100,0.000238577,199264.0,2,2,28,1.453e-6,4,5.2621e-5,false
first_order,arglinc,LBFGSSolver,53,100,0.000239718,202720.0,2,2,28,1.673e-6,4,5.1278e-5,false
first_order,arglinc,LBFGSSolver,54,100,0.000239839,206368.0,2,2,28,1.573e-6,4,5.3522e-5,false
first_order,arglinc,LBFGSSolver,55,100,0.000239969,209936.0,2,2,28,4.669e-6,4,5.8682e-5,false
first_order,arglinc,LBFGSSolver,56,100,0.000240991,213392.0,2,2,28,7.164e-6,4,6.0416e-5,false
first_order,arglinc,LBFGSSolver,57,100,0.000240701,216848.0,2,2,28,6.533e-6,4,6.0896e-5,false
first_order,arglinc,LBFGSSolver,58,100,0.000242463,220304.0,2,2,28,5.28e-6,4,5.6318e-5,false
first_order,arglinc,LBFGSSolver,59,100,0.000242133,223760.0,2,2,28,2.084e-6,4,5.3582e-5,false
first_order,arglinc,LBFGSSolver,60,100,0.000241642,227408.0,2,2,28,1.483e-6,4,5.1899e-5,false
first_order,arglinc,LBFGSSolver,61,100,0.000242133,230864.0,2,2,28,2.966e-6,4,5.6398e-5,false
first_order,arglinc,LBFGSSolver,62,100,0.000242834,234400.0,2,2,28,3.096e-6,4,5.214e-5,false
first_order,arglinc,LBFGSSolver,63,100,0.000243265,237856.0,2,2,28,8.366e-6,4,7.0966e-5,false
first_order,arglinc,LBFGSSolver,64,100,0.000243545,241312.0,2,2,28,5.521e-6,4,6.4784e-5,false
first_order,arglinc,LBFGSSolver,65,100,0.000243045,244768.0,2,2,28,6.833e-6,4,5.4173e-5,false
first_order,arglinc,LBFGSSolver,66,100,0.000243466,248352.0,2,2,28,2.033e-6,4,6.1607e-5,false
first_order,arglinc,LBFGSSolver,67,100,0.000244347,251888.0,2,2,28,4.709e-6,4,5.6559e-5,false
first_order,arglinc,LBFGSSolver,68,100,0.000244859,255344.0,2,2,28,4.859e-6,4,6.0616e-5,false
first_order,arglinc,LBFGSSolver,69,100,0.000243956,258800.0,2,2,28,1.523e-6,4,6.237e-5,false
first_order,arglinc,LBFGSSolver,70,100,0.00024569,262448.0,2,2,28,1.994e-6,4,5.0918e-5,false
first_order,arglinc,LBFGSSolver,71,100,0.000246101,265904.0,2,2,28,5.902e-6,4,6.0415e-5,false
first_order,arglinc,LBFGSSolver,72,100,0.00024578,269440.0,2,2,28,3.477e-6,4,5.2941e-5,false
first_order,arglinc,LBFGSSolver,73,100,0.000247192,272896.0,2,2,28,7.615e-6,4,6.0115e-5,false
first_order,arglinc,LBFGSSolver,74,100,0.000247182,276352.0,2,2,28,3.116e-6,4,5.0788e-5,false
first_order,arglinc,LBFGSSolver,75,100,0.000247955,279808.0,2,2,28,1.934e-6,4,5.1248e-5,false
first_order,arglinc,LBFGSSolver,76,100,0.000247072,283456.0,2,2,28,1.743e-6,4,5.1449e-5,false
first_order,arglinc,LBFGSSolver,77,100,0.000246852,287024.0,2,2,28,4.638e-6,4,5.8121e-5,false
first_order,arglinc,LBFGSSolver,78,100,0.000246922,290480.0,2,2,28,6.863e-6,4,5.21e-5,false
first_order,arglinc,LBFGSSolver,79,100,0.000248014,293936.0,2,2,28,8.476e-6,4,6.3241e-5,false
first_order,arglinc,LBFGSSolver,80,100,0.000246972,297392.0,2,2,28,4.588e-6,4,5.5537e-5,false
first_order,arglinc,LBFGSSolver,81,100,0.000248696,300848.0,2,2,28,4.579e-6,4,5.3803e-5,false
first_order,arglinc,LBFGSSolver,82,100,0.000249638,304560.0,2,2,28,1.683e-6,4,5.1579e-5,false
first_order,arglinc,LBFGSSolver,83,100,0.000247744,308016.0,2,2,28,5.771e-6,4,5.7129e-5,false
first_order,arglinc,LBFGSSolver,84,100,0.000249588,311600.0,2,2,28,4.028e-6,4,5.3362e-5,false
first_order,arglinc,LBFGSSolver,85,100,0.000248125,315056.0,2,2,28,4.208e-6,4,5.1899e-5,false
first_order,arglinc,LBFGSSolver,86,100,0.000251611,318512.0,2,2,28,5.781e-6,4,5.8011e-5,false
first_order,arglinc,LBFGSSolver,87,100,0.000250018,321968.0,2,2,28,6.191e-6,4,5.9042e-5,false
first_order,arglinc,LBFGSSolver,88,100,0.000252763,325424.0,2,2,28,3.015e-6,4,5.3613e-5,false
first_order,arglinc,LBFGSSolver,89,100,0.000253294,328880.0,2,2,28,4.519e-6,4,5.4113e-5,false
first_order,arglinc,LBFGSSolver,90,100,0.000253464,332656.0,2,2,28,6.372e-6,4,5.4755e-5,false
first_order,arglinc,LBFGSSolver,91,100,0.000254126,336112.0,2,2,28,5.891e-6,4,6.0786e-5,false
first_order,arglinc,LBFGSSolver,92,100,0.000254617,339712.0,2,2,28,1.523e-6,4,5.5095e-5,false
first_order,arglinc,LBFGSSolver,93,100,0.000254337,343168.0,2,2,28,4.108e-6,4,5.263e-5,false
first_order,arglinc,LBFGSSolver,94,100,0.000255298,346624.0,2,2,28,1.744e-6,4,5.0587e-5,false
first_order,arglinc,LBFGSSolver,95,100,0.000251681,350080.0,2,2,28,1.803e-6,4,4.9665e-5,false
first_order,arglinc,LBFGSSolver,96,100,0.000252673,353536.0,2,2,28,1.794e-6,4,5.5255e-5,false
first_order,arglinc,LBFGSSolver,97,100,0.00025602,356992.0,2,2,28,4.999e-6,4,7.295e-5,false
first_order,arglinc,LBFGSSolver,98,100,0.00025599,360448.0,2,2,28,1.523e-6,4,5.6098e-5,false
first_order,arglinc,LBFGSSolver,99,100,0.000256922,363904.0,2,2,28,1.713e-6,4,5.5046e-5,false
first_order,arglinc,LBFGSSolver,100,100,0.000254908,367680.0,2,2,28,5.26e-6,4,5.3412e-5,false
first_order,argtrig,LBFGSSolver,1,100,0.012257382,75560.0,152,152,170,0.078363594,169,0.230898826,true
first_order,argtrig,LBFGSSolver,1,100,0.012258263,75560.0,152,152,170,3.487e-6,169,5.6047e-5,false
first_order,argtrig,LBFGSSolver,2,100,0.01039533,70256.0,128,128,146,2.795e-6,144,5.9734e-5,false
first_order,argtrig,LBFGSSolver,3,100,0.009339221,69408.0,117,117,131,3.156e-6,129,6.5726e-5,false
first_order,argtrig,LBFGSSolver,4,100,0.0103901,77792.0,130,130,145,3.537e-6,143,6.6287e-5,false
first_order,argtrig,LBFGSSolver,5,100,0.009841551,78880.0,124,124,137,3.336e-6,135,5.6408e-5,false
first_order,argtrig,LBFGSSolver,6,100,0.010015484,82928.0,125,125,139,8.366e-6,137,6.7048e-5,false
first_order,argtrig,LBFGSSolver,7,100,0.010486574,88256.0,130,130,145,3.527e-6,143,6.5034e-5,false
first_order,argtrig,LBFGSSolver,8,100,0.010891299,93568.0,134,134,155,7.484e-6,148,7.0535e-5,false
first_order,argtrig,LBFGSSolver,9,100,0.009082089,89440.0,115,115,125,6.843e-6,123,6.7009e-5,false
first_order,argtrig,LBFGSSolver,10,100,0.009162402,91856.0,111,111,126,6.953e-6,124,7.3861e-5,false
first_order,argtrig,LBFGSSolver,11,100,0.008974543,95088.0,111,111,123,6.903e-6,121,7.5094e-5,false
first_order,argtrig,LBFGSSolver,12,100,0.009389226,100816.0,117,117,128,4.368e-6,126,6.2239e-5,false
first_order,argtrig,LBFGSSolver,13,100,0.009332748,103296.0,114,114,127,3.547e-6,125,6.6467e-5,false
first_order,argtrig,LBFGSSolver,14,100,0.008914919,105520.0,111,111,121,3.507e-6,119,5.6097e-5,false
first_order,argtrig,LBFGSSolver,15,100,0.008789019,108608.0,110,110,119,2.114e-5,117,0.000111964,false
first_order,argtrig,LBFGSSolver,16,100,0.009345001,114096.0,115,115,126,4.198e-6,124,7.2258e-5,false
first_order,argtrig,LBFGSSolver,17,100,0.009142985,116704.0,113,113,123,3.286e-6,121,6.0816e-5,false
first_order,argtrig,LBFGSSolver,18,100,0.009387322,120816.0,114,114,126,4.248e-6,124,6.28e-5,false
first_order,argtrig,LBFGSSolver,19,100,0.009044126,122976.0,111,111,121,3.907e-6,119,6.6367e-5,false
first_order,argtrig,LBFGSSolver,20,100,0.009069063,126544.0,111,111,121,2.975e-6,119,5.6679e-5,false
first_order,argtrig,LBFGSSolver,21,100,0.008620536,127488.0,104,104,115,3.426e-6,113,6.6177e-5,false
first_order,argtrig,LBFGSSolver,22,100,0.008616919,130080.0,101,101,114,3.026e-6,112,6.7088e-5,false
first_order,argtrig,LBFGSSolver,23,100,0.009202289,137072.0,111,111,122,6.442e-6,120,6.0696e-5,false
first_order,argtrig,LBFGSSolver,24,100,0.008697513,138688.0,106,106,115,3.326e-6,113,7.3681e-5,false
first_order,argtrig,LBFGSSolver,25,100,0.008786724,141936.0,105,105,116,3.126e-6,114,5.9454e-5,false
first_order,argtrig,LBFGSSolver,26,100,0.008284714,142880.0,98,98,109,3.347e-6,107,5.9594e-5,false
first_order,argtrig,LBFGSSolver,27,100,0.008049965,145808.0,97,97,106,2.985e-6,104,6.0566e-5,false
first_order,argtrig,LBFGSSolver,28,100,0.008076645,148784.0,95,95,106,3.066e-6,104,6.1517e-5,false
first_order,argtrig,LBFGSSolver,29,100,0.008149555,152608.0,96,96,107,2.886e-6,105,6.4543e-5,false
first_order,argtrig,LBFGSSolver,30,100,0.007934965,155328.0,94,94,104,4.299e-6,102,7.0014e-5,false
first_order,argtrig,LBFGSSolver,31,100,0.007876143,158448.0,93,93,103,3.156e-6,101,6.1928e-5,false
first_order,argtrig,LBFGSSolver,32,100,0.007899818,162256.0,94,94,103,9.368e-6,101,7.7608e-5,false
first_order,argtrig,LBFGSSolver,33,100,0.007340718,162864.0,86,86,96,6.142e-6,94,0.000100642,false
first_order,argtrig,LBFGSSolver,34,100,0.007542234,167104.0,88,88,98,3.316e-6,96,6.2029e-5,false
first_order,argtrig,LBFGSSolver,35,100,0.00750334,170256.0,87,87,97,3.687e-6,95,6.0687e-5,false
first_order,argtrig,LBFGSSolver,36,100,0.007234656,172704.0,84,84,94,3.386e-6,92,6.2489e-5,false
first_order,argtrig,LBFGSSolver,37,100,0.00741466,177216.0,87,87,96,4.588e-6,94,7.6867e-5,false
first_order,argtrig,LBFGSSolver,38,100,0.007544698,181104.0,88,88,97,6.933e-6,95,8.362e-5,false
first_order,argtrig,LBFGSSolver,39,100,0.007354425,183824.0,86,86,95,7.975e-6,93,9.405e-5,false
first_order,argtrig,LBFGSSolver,40,100,0.007565218,187856.0,87,87,97,3.166e-6,95,6.2109e-5,false
first_order,argtrig,LBFGSSolver,41,100,0.007283098,190256.0,84,84,94,2.886e-6,92,5.6838e-5,false
first_order,argtrig,LBFGSSolver,42,100,0.007305361,194000.0,85,85,94,2.996e-6,92,7.2358e-5,false
first_order,argtrig,LBFGSSolver,43,100,0.00733135,197760.0,86,86,94,2.945e-6,92,5.6538e-5,false
first_order,argtrig,LBFGSSolver,44,100,0.007399862,201120.0,85,85,95,2.996e-6,93,5.6748e-5,false
first_order,argtrig,LBFGSSolver,45,100,0.007353933,204576.0,85,85,94,2.926e-6,92,5.7009e-5,false
first_order,argtrig,LBFGSSolver,46,100,0.00755593,208160.0,85,85,96,2.996e-6,94,5.6318e-5,false
first_order,argtrig,LBFGSSolver,47,100,0.007359785,211200.0,84,84,94,2.966e-6,92,5.6798e-5,false
first_order,argtrig,LBFGSSolver,48,100,0.007365967,214848.0,84,84,94,3.126e-6,92,5.6699e-5,false
first_order,argtrig,LBFGSSolver,49,100,0.007356037,218528.0,85,85,93,9.959e-6,91,6.3471e-5,false
first_order,argtrig,LBFGSSolver,50,100,0.007315711,221760.0,84,84,93,7.714e-6,91,7.0104e-5,false
first_order,argtrig,LBFGSSolver,51,100,0.007318557,225216.0,84,84,93,5.24e-6,91,5.8813e-5,false
first_order,argtrig,LBFGSSolver,52,100,0.00733068,228672.0,84,84,93,6.783e-6,91,6.1869e-5,false
